filename,width,height,class,xmin,ymin,xmax,ymax
OXI-8882-6-_jpg.rf.d67331475058607e84bf0c810e0cb9ed.jpg,640,640,placa,249,423,458,502
NNY-3327_jpg.rf.db1bd2acd356f4929729707d48828928.jpg,640,640,placa,275,315,471,401
LRN-9470_jpg.rf.da127f2c1b92bec5f529e96030687ad2.jpg,640,640,placa,242,160,461,309
PDN-5443_jpg.rf.d7eabb8f75b0fcf1efb5eacd924af0b4.jpg,640,640,placa,119,228,464,443
PDK-9448-3-_jpg.rf.dbd568c161eae9dc1848dccb18e52cac.jpg,640,640,placa,333,417,562,517
KVN-3064_jpg.rf.dae8393b816f1efc1699e10517c35497.jpg,640,640,placa,322,501,623,594
LRK-7301-3-_jpg.rf.dce8096917a2665237332a6fe945b658.jpg,640,640,placa,229,461,457,613
OYV-6433_jpg.rf.df5bca5bfa2b11905943f0cf297f86ae.jpg,640,640,placa,243,499,489,593
PFF-7622-2-_jpg.rf.dacdfb0c0345a3456a8964f5f7e2109a.jpg,640,640,placa,94,309,448,465
PCZ-4081-3-_jpg.rf.db3709151244bc7b61695356897bf731.jpg,640,640,placa,145,379,414,470
LSA-6415_jpg.rf.d6c939b86e23a722e7c1e5691d151e79.jpg,640,640,placa,335,444,480,536
HNI-6952_jpg.rf.e195737cc74e0a695992b44b813436b7.jpg,640,640,placa,445,211,562,332
LSX-4812_jpg.rf.e1260574cd63e3528e1a600af686fa90.jpg,640,640,placa,162,376,331,518
KUF-8007_jpg.rf.dfb6ae6165cf5ff40740b04529f3d822.jpg,640,640,placa,269,414,449,560
LRK-7301-3-_jpg.rf.e1a1001e4277992c88ae1228224c014a.jpg,640,640,placa,229,461,457,613
OQK-5526_jpg.rf.d81591e1ecf0c30a7dd4151ae6b9c8ec.jpg,640,640,placa,203,298,486,417
PVZ-5826_jpg.rf.d8dedeaecc76f460185fb518f9dac6eb.jpg,640,640,placa,246,376,432,455
LRS-5329-2-_jpg.rf.da2f66576204bdb69d17fdc088a9629a.jpg,640,640,placa,312,460,475,563
PXK-0480-2-_jpg.rf.e195d81b79ff481adf0f5b2caf3e4f61.jpg,640,640,placa,261,340,418,428
PXK-0480_jpg.rf.e170cbc59917e718feb20bc616ed102e.jpg,640,640,placa,203,398,443,492
OXI-8882-2-_jpg.rf.e04f89ef1b386bc5bc380b960937b322.jpg,640,640,placa,233,315,455,390
LQK-9502-2-_jpg.rf.e117822c98ba648b5541ef78237bba99.jpg,640,640,placa,234,273,511,409
LOE-5929_jpg.rf.e084a675b98580b052ca6bcd7555b442.jpg,640,640,placa,295,455,482,573
KQE-1438_jpg.rf.e0861fc9bc452b2dc512a857d9f6ee54.jpg,640,640,placa,162,145,398,367
PXJ-8251_jpg.rf.dfdbc0b2fc2de19f26ec7fe7772543bd.jpg,640,640,placa,234,268,437,365
KXK-5970-2-_jpg.rf.e1b4977e6480f4cae31850f4eb135772.jpg,640,640,placa,138,386,484,591
PVK-3268-4-_jpg.rf.e37f6c758d526393d710f3df2fe81da9.jpg,640,640,placa,225,346,392,411
LQI-0614_jpg.rf.e2ba7b2e6d9da305e0558819312acdb9.jpg,640,640,placa,196,286,402,460
CVL-4610_jpg.rf.e2b8235147cf09bf9d38851edea4471a.jpg,640,640,placa,312,450,489,558
LQK-9502-2-_jpg.rf.e445bbf297cb48eacce75668226cba29.jpg,640,640,placa,234,273,511,409
KZD-5187_jpg.rf.e37cfa272164d845565b1fbd200e338c.jpg,640,640,placa,173,219,370,339
KGJ-9765_jpg.rf.e77f942fdeea70aa589453496d943466.jpg,640,640,placa,259,454,447,558
LCL-7999_jpg.rf.e6e4cea48594efa166ccea22f0130a67.jpg,640,640,placa,178,315,349,447
LQM-6429_jpg.rf.e25242690bd0ffce3404da4d5cd228a7.jpg,640,640,placa,145,457,404,618
LLH-5852_jpg.rf.e5fd381b00bbfdf1297d7aa79dd08ae0.jpg,640,640,placa,217,208,395,349
PFU-6000-3-_jpg.rf.e5e668af9178a1766c60c75b4652f050.jpg,640,640,placa,119,365,487,509
LQG-1985_jpg.rf.e6582135972f747802699f4f83915d25.jpg,640,640,placa,269,347,503,515
EUL-0433_jpg.rf.e81411ef6aa836a40f2772e484d302be.jpg,640,640,placa,207,233,433,415
PXJ-8256-2-_jpg.rf.e640af89c259503c69be57f843d569ed.jpg,640,640,placa,283,377,449,460
KNS-6108_jpg.rf.e1e0e9a5e314bee95be20242a8cc1640.jpg,640,640,placa,212,457,425,589
LKY-8848_jpg.rf.e995903ba3c2a67e7356fabbeac50ce4.jpg,640,640,placa,163,234,500,435
LLH-3367-2-_jpg.rf.e7b92a5514f8c9747c823f4aa0d4569e.jpg,640,640,placa,319,151,493,246
DSQ-6618-3-_jpg.rf.e778f3a0798b550b3e7f36ff3d117d8f.jpg,640,640,placa,347,464,556,561
PDK-9448-3-_jpg.rf.e4a41b6a18127207b6404e43ec878a2a.jpg,640,640,placa,333,417,562,517
KXD-4645_jpg.rf.e9028450d9e7d647770de0a1556e78d7.jpg,640,640,placa,192,443,386,555
LRN-4497_jpg.rf.e5adaa2dec7c46071032ad487adfeb4c.jpg,640,640,placa,170,335,442,484
KWH-6390_jpg.rf.e2052a728344ffff42b31f849a99636a.jpg,640,640,placa,183,213,462,458
LQG-3110_jpg.rf.e9ee51b0443bce155fbfce032dcfa600.jpg,640,640,placa,110,261,533,502
KVT-8161_jpg.rf.e5d617e92df25f6fad599840d0ff89c5.jpg,640,640,placa,250,405,438,561
PDZ-0097-3-_jpg.rf.ea90f365cac24bac994507c0b28b05e1.jpg,640,640,placa,240,412,432,488
KVX-3104_jpg.rf.e875688a0b492a7822c0197953c7ae61.jpg,640,640,placa,291,481,452,579
KPQ-4707_jpg.rf.eab2b3be058eef4057892590b50d987e.jpg,640,640,placa,95,42,522,435
CVL-4610_jpg.rf.eacf6582fbfd21d87c0576293296d7c5.jpg,640,640,placa,312,450,489,558
LLL-2211_JPG_jpg.rf.ebda81944ea23520d648ead722a3f0db.jpg,640,640,placa,261,289,514,522
KRF-6757_jpg.rf.eb71ee051525316c152e370444fbe262.jpg,640,640,placa,58,280,235,454
PXK-0480_jpg.rf.ec0f139501ece9bdf070aff96656e66e.jpg,640,640,placa,203,398,443,492
OXI-8882-8-_jpg.rf.eda56ce4778d772cb4d112be902b3b4a.jpg,640,640,placa,238,345,445,416
KQF-6400_jpg.rf.eb25409c38c7ced7050e32c03cb0197d.jpg,640,640,placa,334,189,526,318
KJT-2231_jpg.rf.ecaa54cda6cba67a384a781c190c3e43.jpg,640,640,placa,326,354,519,443
OWO-7837-2-_jpg.rf.eb91e21b5e3976247924f6a05975fdd2.jpg,640,640,placa,273,386,458,465
PXK-0480-3-_jpg.rf.ee43c5766c8eeb60c335230e56979bd4.jpg,640,640,placa,267,337,444,420
PGR-8325-2-_jpg.rf.f06180f5307aee7f7b0b15805edd8739.jpg,640,640,placa,179,384,499,496
KZV-9198_JPG_jpg.rf.f0ca8efdeeab03592031b7284ce9fac7.jpg,640,640,placa,200,279,377,390
EWX-9733_JPG_jpg.rf.eefa45315f79277d7d5c924bc8ed3489.jpg,640,640,placa,225,176,433,427
OYS-1645_jpg.rf.f0e25a8114b6434839b417bb6fa1fa13.jpg,640,640,placa,263,451,469,518
KXD-1174-2-_jpg.rf.ef9b3caa20c0f5fb10a12e87493f3869.jpg,640,640,placa,177,479,352,593
KNZ-8587_jpg.rf.ec70cc958c8279f82ab09063b7cdeaa3.jpg,640,640,placa,106,444,302,579
LLT-8634-2-_jpg.rf.f118d9aa4eea314b8498fb1c595cb13f.jpg,640,640,placa,121,327,288,458
OYS-1645-3-_jpg.rf.ef3596ea5b041c6510b765d2b15d1d62.jpg,640,640,placa,160,375,472,494
KWV-8476_jpg.rf.ee9b5995a09b74ade6cfbf132584426f.jpg,640,640,placa,229,204,423,295
LRK-4448_jpg.rf.ec875924ba5cf45916d757e2677bcd9f.jpg,640,640,placa,306,443,468,559
PGR-8325-2-_jpg.rf.f196417f5c20b120d2f2c164a0533ac2.jpg,640,640,placa,179,384,499,496
KNT-6338_jpg.rf.f191f7fb3572359835f3db12e6882f76.jpg,640,640,placa,218,450,464,576
OXI-8882-3-_jpg.rf.f051b8dcc11d5d7cf1c058c196843904.jpg,640,640,placa,216,296,389,376
LSD-6879_jpg.rf.ee505426242a2496b04c8675f57f881b.jpg,640,640,placa,336,195,504,318
PUV-5373-6-_jpg.rf.ef0862cde577292713fca1150a414a12.jpg,640,640,placa,213,357,376,432
LLT-8634-2-_jpg.rf.f212dc055f348348d0def3a5108a43b2.jpg,640,640,placa,121,327,288,458
LRE-5870-2-_jpg.rf.f1cbca66094cbf36010dcdb6d295dbbc.jpg,640,640,placa,79,396,483,529
LRH-5360_jpg.rf.f23fd0f1de28716c1d7a5479e2114628.jpg,640,640,placa,329,208,512,367
KWV-2685_jpg.rf.f2612353760839f97c18a23170e0f25c.jpg,640,640,placa,104,449,467,592
KPG-7782_jpg.rf.f22a5c03a4c628b87703ce3286237bff.jpg,640,640,placa,143,484,371,635
OXI-8882-4-_jpg.rf.f27dddc9ad3bf69bf230db92064cb1f1.jpg,640,640,placa,238,334,427,405
PUV-5365_jpg.rf.f2a6acebcf80813f2eeb2157228357b6.jpg,640,640,placa,227,292,459,396
LLH-5852_jpg.rf.f4126c184fa9ebfc6518ef54041c8567.jpg,640,640,placa,217,208,395,349
KWU-6938_jpg.rf.f406e5890d0fa3f08c9d58945c82b0a9.jpg,640,640,placa,205,256,549,445
PXK-0480-4-_jpg.rf.f3049790ea7426323d84580b1141136d.jpg,640,640,placa,213,330,449,422
LQY-5719-2-_jpg.rf.f44e90f0132f65c7af23e276aee92e75.jpg,640,640,placa,133,363,482,531
LQL-9280_JPG_jpg.rf.f2e48636f69238e5a258069c255acbdd.jpg,640,640,placa,305,313,542,502
LKY-8848_jpg.rf.f6dc246cb45aa1d4859df3ae3b3de238.jpg,640,640,placa,163,234,500,435
OXI-8882-5-_jpg.rf.f3c32281431d5ff891a15e12cdfd4fb4.jpg,640,640,placa,237,371,408,463
KWR-2317_jpg.rf.f7999c77f7ec619c71ef8256837cb8c7.jpg,640,640,placa,134,411,440,580
JID-9361_jpg.rf.f59812e321619ed7ecfb840253dd1674.jpg,640,640,placa,92,487,220,561
LQY-9083_jpg.rf.f4db1110677e358b3c2e87f3b0b1d82e.jpg,640,640,placa,165,485,332,599
PVZ-5826-2-_jpg.rf.f468ba499d2bc0283515b5a9d15c1fff.jpg,640,640,placa,305,322,499,413
LUU-5715_jpg.rf.fa3c92a7857105010b96bb69c8aa23e8.jpg,640,640,placa,216,359,479,522
PXJ-8264-2-_jpg.rf.f653fe13f6300d23d52646857d35a210.jpg,640,640,placa,226,359,423,432
KUN-7711-2-_jpg.rf.f30a92cb43965c9aca19d00a2543fe04.jpg,640,640,placa,297,452,465,570
LQY-5719-2-_jpg.rf.f6687210cd8b3c4997bed03561e2a1af.jpg,640,640,placa,133,363,482,531
PDF-3945_jpg.rf.f3eb3db213fe698784b0c3fbdae05c18.jpg,640,640,placa,252,408,445,484
LBX-2309_JPG_jpg.rf.f519b5516517b6688f593c9aa503f3c3.jpg,640,640,placa,183,183,540,449
PXJ-8251-3-_jpg.rf.f92448f88030d513970bf2a4c757db31.jpg,640,640,placa,241,334,402,415
LSG-2983_jpg.rf.f8a79944e5e70603e679050a55d5456e.jpg,640,640,placa,201,230,537,519
LPU-7567-2-_jpg.rf.f6ad6d5f84625dbada78cbcf443e541a.jpg,640,640,placa,262,215,461,352
OWN-2249_jpg.rf.f2a817f5b3ab6161b7abd29136947f3d.jpg,640,640,placa,266,514,519,629
KXD-3983_jpg.rf.f9a2a77d07928f86dc5866c937117d1a.jpg,640,640,placa,121,408,302,531
LLH-3367_jpg.rf.f346db58bb4199ff5b517af375225837.jpg,640,640,placa,88,348,237,463
LPU-4384_jpg.rf.fb37d612163e7dd297ee2e5fc58923ba.jpg,640,640,placa,295,466,460,565
KYU-3725_jpg.rf.fa8530d9e51d8882c36904d254743c5c.jpg,640,640,placa,239,460,465,583
KHP-3734-2-_jpg.rf.fd2ffde1cf38360ae578a741495366b6.jpg,640,640,placa,153,221,513,394
PDK-9448_jpg.rf.fdc8235a6bf5a1a34871feeb3a4cb22c.jpg,640,640,placa,207,470,428,553
PEU-0991-3-_jpg.rf.fce88b8d1a8e46c05d116b55c4b6ac22.jpg,640,640,placa,217,347,466,451
PDZ-0097-2-_jpg.rf.fdcb84d131c3603c360ecda19a11ff8c.jpg,640,640,placa,178,393,440,490
KHP-3734_jpg.rf.fda1bdd1d6b52327443507934f4729cf.jpg,640,640,placa,202,301,423,376
LLU-8502_JPG_jpg.rf.f800716d20ad2fcc726a5db5ba9269f4.jpg,640,640,placa,113,176,336,395
KWT-7517_jpg.rf.fb882835a106f86a5a4b5b449ccf95ea.jpg,640,640,placa,156,381,393,528
PGB-1322_jpg.rf.fce90b543e2f37f0bf059d5d3671f9d5.jpg,640,640,placa,194,352,491,460
PXK-0480-3-_jpg.rf.ff45ea37dc3bdfd6bfd4ce4d3d5cc079.jpg,640,640,placa,267,337,444,420
KOE-5451_jpg.rf.fe83e2805b53abd894aa583911bbae14.jpg,640,640,placa,302,229,513,365
KQK-3070_jpg.rf.fe970b70db3fc00a51fc7efa7d833af9.jpg,640,640,placa,259,378,453,547
LUF-4444_jpg.rf.fe36eed4d4dd4bfa65c96c53b012c8f5.jpg,640,640,placa,163,456,349,590
LSJ-7104_jpg.rf.ffc986725231286ec1f1177491b19488.jpg,640,640,placa,240,292,406,394
PEU-0991_jpg.rf.fef0cbd7127175681dae9a0c276cba6e.jpg,640,640,placa,228,504,486,593
LLW-5445_jpg.rf.fb84514fb4e878a2ac613b15b393f1f4.jpg,640,640,placa,227,455,413,558
LQQ-5578_jpg.rf.fe72472b0333748e02a2b6275269a9c4.jpg,640,640,placa,192,400,417,574
LSA-6402_jpg.rf.fed8bf41deaa6c8ea7ecfb44af0f6994.jpg,640,640,placa,188,403,591,600
PGB-1322-2-_jpg.rf.ffc8624c27bc3624ec05215edee848af.jpg,640,640,placa,234,387,463,462
LOY-9267-2-_jpg.rf.ff9d3049b90a776e31c85035fdff635b.jpg,640,640,placa,176,453,449,592
BAG-7751-2-_jpg.rf.fe38e5fe4cb14985e3f12aeadbef64f8.jpg,640,640,placa,226,392,512,499
KHU-8544-2-_jpg.rf.418a983c9b760346ccb42188ba92bdcf.jpg,640,640,placa,302,429,480,513
PFU-6000-3-_jpg.rf.4247b7992f3b25e14c499d5e76940bc1.jpg,640,640,placa,119,365,487,509
PXJ-8251-3-_jpg.rf.42c1e76145beadabfb3a3579c2375cb8.jpg,640,640,placa,241,334,402,415
LTT-5143_jpg.rf.460afd485d577be22faa04d02b5c48b2.jpg,640,640,placa,149,413,389,564
PXK-0457-3-_jpg.rf.42d6b536c7b1dfc041ba5e6d68eca312.jpg,640,640,placa,211,274,420,375
KVT-4240_jpg.rf.44ae70694ca919432400cb9329d724c4.jpg,640,640,placa,78,383,252,555
OYS-1645-3-_jpg.rf.43262b62a1ff94f998d3e65082296253.jpg,640,640,placa,160,375,472,494
PGB-1924-3-_jpg.rf.4475bfdb9553fd631d62de5dc91bd6cd.jpg,640,640,placa,125,179,573,353
PXJ-8271-6-_jpg.rf.426a00826a759575af267671e1779c2d.jpg,640,640,placa,245,412,518,525
KQG-5455_jpg.rf.44729064f531dc7a84c5c0b2087db70a.jpg,640,640,placa,233,225,553,377
PUV-5373-7-_jpg.rf.4540dfa7f1b9e8928a48e1b9619e6e1d.jpg,640,640,placa,223,361,383,421
KWP-9456_jpg.rf.416736f04c91e4e510498002df271ccc.jpg,640,640,placa,159,425,490,562
LRH-5360_jpg.rf.44d34a2d34bb21a6a9c018112d8d3025.jpg,640,640,placa,329,208,512,367
PVK-3268-5-_jpg.rf.40fbdc931949777639c20c6940530cc0.jpg,640,640,placa,232,264,436,347
KHF-5821_jpg.rf.46f7baafacc9522db759c0d6c91efc31.jpg,640,640,placa,143,355,400,463
KRH-9032_jpg.rf.45ecb5e816fde65235d899d94716867a.jpg,640,640,placa,145,224,320,387
KND-5908_jpg.rf.4669dd773463c3da498828ac35da1e22.jpg,640,640,placa,92,396,277,550
KUF-8007_jpg.rf.4296a5bc1d29858cf9f44cd06b4c386b.jpg,640,640,placa,269,414,449,560
OXI-8882_jpg.rf.46bbd17dd04a616cb0f4a7da65679d4f.jpg,640,640,placa,253,317,452,397
LPM-5438_jpg.rf.44f0f29f33bf3020ae3c4fcd2c5111a0.jpg,640,640,placa,219,445,403,563
KXA-6414_jpg.rf.46c3457ceba0b1b1cf44df540a33e506.jpg,640,640,placa,213,338,404,496
KVT-8161_jpg.rf.47ab3c67eabc77b111f5b60ea764038a.jpg,640,640,placa,250,405,438,561
LDL-5386_jpg.rf.4491fde11f89aa5f45a8f8f160a46b2c.jpg,640,640,placa,153,352,338,508
KQE-1438_jpg.rf.4809eec5c20a1f4be304dd886350363c.jpg,640,640,placa,162,145,398,367
KVI-4009_jpg.rf.435a256150e2b04d45ac7324b75fd119.jpg,640,640,placa,120,490,343,618
EZG-3164_jpg.rf.4c2ee611eb88aedc7dc1051ba4ec2e91.jpg,640,640,placa,350,409,562,509
OWO-7837-4-_jpg.rf.48c35a37edf98444d2c26bdb4b6b4f11.jpg,640,640,placa,265,354,433,443
KJD-0885_jpg.rf.4826efd3bdb53da7431010952b0c9fbb.jpg,640,640,placa,219,372,473,469
KZD-2666_jpg.rf.4c98c79b52805a6a776a18f7b8279751.jpg,640,640,placa,49,106,482,429
PUV-5373-7-_jpg.rf.4c51dbec39e50f4efd965c74783d753a.jpg,640,640,placa,223,361,383,421
PVK-3268-4-_jpg.rf.4bf3072371f538723c739124a54ebfab.jpg,640,640,placa,225,346,392,411
PXJ-8264_jpg.rf.4d19939c6b76a9e1cb3fcfbc29ad9f72.jpg,640,640,placa,233,352,409,414
PVK-3268-4-_jpg.rf.49dda4b8af029eb68707aa3659532bc6.jpg,640,640,placa,225,346,392,411
PXK-0480-2-_jpg.rf.4dbff07f28e2334451f4a8c3db906c14.jpg,640,640,placa,261,340,418,428
LRK-7301_jpg.rf.4a6266991498ad14712d06893da11c1f.jpg,640,640,placa,114,429,268,605
LRS-5329_jpg.rf.496abba7aab08eea50ce8bb7ea4e7aee.jpg,640,640,placa,192,395,348,536
LQI-0614_jpg.rf.48999675f885f22fd03b8020ecc2abd1.jpg,640,640,placa,196,286,402,460
LOY-9267-2-_jpg.rf.491eff6cc2c5edca2b49881675ffa01c.jpg,640,640,placa,176,453,449,592
LRM-6867_jpg.rf.4e4ec3dec412f53dffdd4b0e9e0b649c.jpg,640,640,placa,211,514,363,634
HGR-1547_jpg.rf.4ccc19f506480272d84f1d944bdbd439.jpg,640,640,placa,25,384,450,555
KQL-9716_jpg.rf.4d4cd6b77077af12ade73f04c108faef.jpg,640,640,placa,211,26,387,249
LMA-7517_jpg.rf.4cc8fddfdbdf9350b016e7544dee9d61.jpg,640,640,placa,145,385,382,553
PCP-6336-2-_jpg.rf.4e5a8d867528386f6050bb7c43812aaf.jpg,640,640,placa,209,366,498,479
FJY-9514-3-_jpg.rf.499a6e62f7980e044fe19ceac1847804.jpg,640,640,placa,250,383,452,451
KPQ-4093_jpg.rf.4d3ada444ba59f8ccfe7743c387441e0.jpg,640,640,placa,133,244,472,362
LKQ-9361_jpg.rf.4e2b23bb9063a5e0f79aeb8516b473af.jpg,640,640,placa,79,385,224,524
LSA-6415_jpg.rf.4f332a9ca5e46274bf5a7ba80d7e5604.jpg,640,640,placa,335,444,480,536
EZG-3164-2-_jpg.rf.4d2059b46722d25aa53538b3bbb375af.jpg,640,640,placa,133,272,545,449
CLJ-7888_JPG_jpg.rf.4eb3300b173501e5c949ecce5b3e2b4e.jpg,640,640,placa,225,271,500,517
PXJ-8251_jpg.rf.4ed82c7ecabb4832ff5b34c8c3017dc0.jpg,640,640,placa,234,268,437,365
KPG-7782_jpg.rf.49bf298fc6ec0f0166e7879b4a6ed1d6.jpg,640,640,placa,143,484,371,635
OXI-8882_jpg.rf.4fdf1ab4508355c7dadbad5053b442b8.jpg,640,640,placa,253,317,452,397
KQQ-7332_jpg.rf.5201e2bcab378c158d9f2d1b2731bb4a.jpg,640,640,placa,234,250,445,392
PEU-0991-3-_jpg.rf.4f449b04b9776baeb67b208e695894fc.jpg,640,640,placa,217,347,466,451
LQQ-5578_jpg.rf.52d45a6c968068f9c42b28d2f8997b37.jpg,640,640,placa,192,400,417,574
KYA-0519_jpg.rf.4fddd650d6939dd703cc3315718322d5.jpg,640,640,placa,175,240,391,394
PUV-5373-4-_jpg.rf.50a7e01767f782bb33eaeda5ceb975f5.jpg,640,640,placa,234,296,415,387
KUL-5022_jpg.rf.5092d1ecbac3ae3fb3341c1aeedd8ff7.jpg,640,640,placa,273,443,487,589
LRE-5870-2-_jpg.rf.526281c8f239e76240105c827fc62704.jpg,640,640,placa,79,396,483,529
LVD-1517_JPG_jpg.rf.505b3495cf15c89242884a762f596edf.jpg,640,640,placa,238,345,401,459
KGJ-9765_jpg.rf.52819bd740526dbe58ecb404f9eba820.jpg,640,640,placa,259,454,447,558
HGR-1547_jpg.rf.523d69bd6d86e7b51fcb6267289f7e75.jpg,640,640,placa,25,384,450,555
EWX-9733_JPG_jpg.rf.53c721e3dff4d48fc2c937322b09d5c8.jpg,640,640,placa,225,176,433,427
HNI-6952_jpg.rf.5544dd6f0ff3d10ba2f146cdc109dac3.jpg,640,640,placa,445,211,562,332
PUV-5373-3-_jpg.rf.5455495765ad4039824ebd65a91408fc.jpg,640,640,placa,213,262,416,359
OXI-8882_jpg.rf.5435d9bc115ee59029547a837ce259b8.jpg,640,640,placa,253,317,452,397
KHU-8544-2-_jpg.rf.53b4526e55e6177a4f1dc3f1d6131042.jpg,640,640,placa,302,429,480,513
BAG-7751-2-_jpg.rf.564d8e10f9cf182776878b66dab43241.jpg,640,640,placa,226,392,512,499
HGP-8212_jpg.rf.50c17a31c06e18de7b5ea8a4f7543cb7.jpg,640,640,placa,144,121,502,482
LDL-5386_jpg.rf.54a76cccb98a6610f7d5476b4eeab038.jpg,640,640,placa,153,352,338,508
KYR-7214_jpg.rf.5452fdb55924555c08dbc49fd5f0bf22.jpg,640,640,placa,78,274,387,400
KYQ-2563_jpg.rf.5779db679e3b4f686e249d03a5769986.jpg,640,640,placa,314,255,625,473
PXJ-8526_jpg.rf.57e8cd9bb6036016ee2e6dccaf87ad62.jpg,640,640,placa,208,373,405,444
LPA-7932_jpg.rf.576114580c6063716a521d6ba5a30411.jpg,640,640,placa,258,326,452,457
LQO-8178_JPG_jpg.rf.56f331508985547fb8e75c40234b8944.jpg,640,640,placa,240,248,597,437
OWO-7837_jpg.rf.58080b902f1152a8a346d5adfa26df45.jpg,640,640,placa,274,293,411,370
KND-5908_jpg.rf.584ec1e32e6ddf029f2046d69b9dd66a.jpg,640,640,placa,92,396,277,550
OWN-2249_jpg.rf.586a8d7d5c60cf605bda73203f11f7fb.jpg,640,640,placa,266,514,519,629
KPB-4806-2-_jpg.rf.584c4d3a49d6bda0493b558fe17df145.jpg,640,640,placa,235,381,417,474
KQQ-7332_jpg.rf.5b30a109fafa72925ba7e7b8463b8370.jpg,640,640,placa,234,250,445,392
PDZ-0097-3-_jpg.rf.5be30d00d998b17d56f5aa909d64aeec.jpg,640,640,placa,240,412,432,488
KNS-6108_jpg.rf.58729aa3581619d78255920b5e0d28d3.jpg,640,640,placa,212,457,425,589
KRH-9032_jpg.rf.5a150da2a13adf5dbbf541877215783a.jpg,640,640,placa,145,224,320,387
KXD-1174-3-_jpg.rf.5c77d3db9b5e91e407a5977f3c19cd39.jpg,640,640,placa,352,205,530,379
KJT-2231-2-_jpg.rf.5c3ff7c4a8be051736fd81199699174e.jpg,640,640,placa,191,392,545,510
KYC-1916_jpg.rf.5d1a19f089575a7fb53cc47f2dd808ef.jpg,640,640,placa,358,130,581,293
KWV-2685_jpg.rf.5c46565c6d22472c8ced824017c0cd56.jpg,640,640,placa,104,449,467,592
PFU-6000-2-_jpg.rf.5e38b22c0632fa907fc4bf5b7f3b11ee.jpg,640,640,placa,243,393,463,478
PXJ-8264-3-_jpg.rf.5f0601eb9f6377c8a954900c60a2d63f.jpg,640,640,placa,236,302,405,400
KHU-8544-3-_jpg.rf.5cdc71bab5acb8d78481e5d8b4fa0e1f.jpg,640,640,placa,150,361,588,527
PUV-5373-4-_jpg.rf.5de34a9062e709267ef46260ffefc5c4.jpg,640,640,placa,234,296,415,387
FJY-9514-2-_jpg.rf.5fe563de53cd0da6f79e8bf19ac5319c.jpg,640,640,placa,240,336,429,432
EZG-3164-2-_jpg.rf.5e315c3648c84db98a2fcd368b9c9b49.jpg,640,640,placa,133,272,545,449
KVT-4240_jpg.rf.5d14f7285485f3e68b5b390a5844dc54.jpg,640,640,placa,78,383,252,555
LSA-6273_JPG_jpg.rf.61840290c7164935c01259b0b9afe7fe.jpg,640,640,placa,99,153,473,335
LPB-2686_jpg.rf.5f90797ec0e6c75832e6f4df6bd8f44c.jpg,640,640,placa,283,177,471,320
EUC-8989_jpg.rf.6189b6e30395265550acaf67cf55670a.jpg,640,640,placa,117,357,305,495
KRE-8652_jpg.rf.5d775f70ca96fd3abc37cda146eb2ed6.jpg,640,640,placa,252,414,458,554
PCW-0712_jpg.rf.5e63997e06ecfff232b3324e84c01839.jpg,640,640,placa,159,217,556,383
PDF-3945-3-_jpg.rf.61b291021ba77238ac0e768926babe5c.jpg,640,640,placa,225,416,490,513
OXI-8882-4-_jpg.rf.605bb12eb4d211d0a8f0cbe3fabbd32e.jpg,640,640,placa,238,334,427,405
PFG-7997-2-_jpg.rf.6148cb40f8118383fa5c30af679c3614.jpg,640,640,placa,276,270,515,416
LPU-7567-2-_jpg.rf.5c60becd0bb60fc19427028181e6495b.jpg,640,640,placa,262,215,461,352
LNG-1566_jpg.rf.61deaac87de3141e1e32e293ac40cdc8.jpg,640,640,placa,123,300,360,457
PXY-0360-2-_jpg.rf.62a13452f3a7a4df9aa4864a19e7fccd.jpg,640,640,placa,236,290,382,355
PXK-0480-4-_jpg.rf.614966f031886e47bced19a98106d328.jpg,640,640,placa,213,330,449,422
KVX-3104-2-_jpg.rf.5dbaf90359341253a7f5fe0716927064.jpg,640,640,placa,237,266,405,428
KYN-6985_jpg.rf.62e1c403e0079cfbcbd8a711a95fde68.jpg,640,640,placa,290,348,542,539
KXD-3983_jpg.rf.639dfd300266f4abcf4b6eef93313407.jpg,640,640,placa,121,408,302,531
LRN-0207-2-_jpg.rf.640ff17aa0475d4b80d1d6584c19532b.jpg,640,640,placa,192,472,465,583
KZD-2666_jpg.rf.616d745e8059012a94507df3f8a11200.jpg,640,640,placa,49,106,482,429
PVK-3268-3-_jpg.rf.636c78cbf8e8b0fd52ebe74785e50a64.jpg,640,640,placa,231,352,412,473
PXK-0457-5-_jpg.rf.6533001e55a21c33ad34ba0134d7f284.jpg,640,640,placa,209,384,428,481
CYU-8900_jpg.rf.64b93c063569f92ce8a507963d1e68e4.jpg,640,640,placa,270,435,445,563
KUN-7711-2-_jpg.rf.66f007401e0d50977ef84375aea56011.jpg,640,640,placa,297,452,465,570
KWP-9456_jpg.rf.644bd45609ea92f59b88295bf6656e66.jpg,640,640,placa,159,425,490,562
LRK-7301-2-_jpg.rf.682df74fed9d9ef52a1442b2d5411818.jpg,640,640,placa,73,368,293,590
PDO-5221-2-_jpg.rf.64e00c3d2b87aa7a2afeed2437a4df05.jpg,640,640,placa,150,157,487,417
LRS-5329_jpg.rf.5172befe877414a9e73a0858bcef200c.jpg,640,640,placa,192,395,348,536
KPT-1907_jpg.rf.673af880683a91b735a67e2093c84522.jpg,640,640,placa,318,163,493,266
OWO-7837-2-_jpg.rf.6574b5bbcc702705233970726b69d6b0.jpg,640,640,placa,273,386,458,465
KYL-9863_jpg.rf.68fb8a16a08205026ead25f46c6493e2.jpg,640,640,placa,238,258,436,411
PXJ-8271-3-_jpg.rf.64b381022d85aea698a15c9237198080.jpg,640,640,placa,222,229,408,322
EBV-6248_jpg.rf.699227af808693663babbabf127932d0.jpg,640,640,placa,192,475,449,591
KWQ-5088_jpg.rf.66a0eb3856518d887b645c46a7184962.jpg,640,640,placa,154,287,335,516
PXJ-8251_jpg.rf.678d8fd8414f408a85f5b134e186616b.jpg,640,640,placa,234,268,437,365
PXK-0480-7-_jpg.rf.6a8f05817ae16159dc168adf783acded.jpg,640,640,placa,199,239,444,336
PXJ-8256-2-_jpg.rf.69848d88fa23fc79a5e819ab4d58fc53.jpg,640,640,placa,283,377,449,460
FJY-9514-2-_jpg.rf.686a742783d870905a365e621a6e912b.jpg,640,640,placa,240,336,429,432
PCP-6336-2-_jpg.rf.6a93ab57c9eed7bab43f99e5f1d0a0ac.jpg,640,640,placa,209,366,498,479
PFF-7622-3-_jpg.rf.6665888c74518a626c2445cc2f8ffe7d.jpg,640,640,placa,218,409,472,509
KJT-2231-2-_jpg.rf.6aae56a07f42397c233746c47e91a05f.jpg,640,640,placa,191,392,545,510
LQL-9280_JPG_jpg.rf.64060cead55556d9b008a2008a953eed.jpg,640,640,placa,305,313,542,502
KPS-7301_JPG_jpg.rf.66cc4df68334c08651a46818250a2f0b.jpg,640,640,placa,180,193,475,482
OXI-8882-5-_jpg.rf.6a3d8654e673e4b519058107366360a9.jpg,640,640,placa,237,371,408,463
PFF-7622-3-_jpg.rf.6d03431c2f19d78988629c3e5b8f2527.jpg,640,640,placa,218,409,472,509
LPU-4384_jpg.rf.6cc09c53e6944c8b9296aa206a8d32a8.jpg,640,640,placa,295,466,460,565
EUL-0433_jpg.rf.6a97ed950c8bd50d34e5ec84d38b1b58.jpg,640,640,placa,207,233,433,415
PXK-0457-5-_jpg.rf.6c31509c82723fa4c257ce8cce619358.jpg,640,640,placa,209,384,428,481
PXK-0480-2-_jpg.rf.6f37fbcff3065baa42336c0ea91b4bab.jpg,640,640,placa,261,340,418,428
KYR-7214_jpg.rf.6e2bca52042020e97286a54b84308a54.jpg,640,640,placa,78,274,387,400
LPA-7932_jpg.rf.6c0bee3d4ebc8fa9566f2ed1e0193290.jpg,640,640,placa,258,326,452,457
LSA-6273_JPG_jpg.rf.6d8c4e6ad86df3c7540e7f87626a9121.jpg,640,640,placa,99,153,473,335
LLH-9044_jpg.rf.6c26a014e0fa9a79a70210ad8a74687f.jpg,640,640,placa,228,357,457,500
KXN-4504_jpg.rf.6fc8f9c7494fd71f7cf7aaea31aeec45.jpg,640,640,placa,185,308,343,399
LRM-6867_jpg.rf.6f01157e28c4ddcd6e6b4ea6ba4f5643.jpg,640,640,placa,211,514,363,634
PCZ-4081-2-_jpg.rf.6daef8b139cf998355c3b7ed14d01667.jpg,640,640,placa,148,311,490,446
KQL-9716_jpg.rf.6d7c7857fee95738edcde2bcb77abc6a.jpg,640,640,placa,211,26,387,249
PDO-5221-2-_jpg.rf.692b3f706bc06b2cf6b51fbac8bd36db.jpg,640,640,placa,150,157,487,417
KQG-5455_jpg.rf.6eaa46ba87b8f17daabef887d0caf5db.jpg,640,640,placa,233,225,553,377
LQG-4815_jpg.rf.700bd4371270d04c7d28048f4c8b1d96.jpg,640,640,placa,192,434,352,572
KXL-3061_jpg.rf.701064f37af49024c76756d3b24de140.jpg,640,640,placa,186,214,405,394
LRN-0207-2-_jpg.rf.70feac2b85bd9115940716eca8655aac.jpg,640,640,placa,192,472,465,583
KXD-1174-2-_jpg.rf.6cc9189dccb00a4c1f81e83d05407a5f.jpg,640,640,placa,177,479,352,593
DSQ-6618-3-_jpg.rf.710b974e72f182e4846b56d966495446.jpg,640,640,placa,347,464,556,561
KPQ-4093_jpg.rf.703f754777bc11c41696214554db172d.jpg,640,640,placa,133,244,472,362
KXK-5970-2-_jpg.rf.6f745d4dac031fdb2a4c412d37da367b.jpg,640,640,placa,138,386,484,591
example_jpg.rf.6c06132c44499edc99e6ec1b6dc31f2d.jpg,640,640,placa,298,302,459,386
KYN-6985_jpg.rf.7043fe2783142f81d19f53257b2f7d7e.jpg,640,640,placa,290,348,542,539
OXI-8882-4-_jpg.rf.71a53f2c2eaf2b5847db2bd5c77bd17d.jpg,640,640,placa,238,334,427,405
PCP-6336-2-_jpg.rf.7121cea9b2e9123969a2e7a05a70ff19.jpg,640,640,placa,209,366,498,479
LLH-9044_jpg.rf.71c293f45c280a1c1aaab572e575ffe4.jpg,640,640,placa,228,357,457,500
PDF-3945_jpg.rf.714d17647b60b3c2950aaa0dd2255627.jpg,640,640,placa,252,408,445,484
LPZ-8210_jpg.rf.71bf1e8f2c2b4b45509e542ec90cf80b.jpg,640,640,placa,210,392,422,516
OWO-7837-4-_jpg.rf.7493f672868210fd1b52b53ca19b18cc.jpg,640,640,placa,265,354,433,443
LQI-4690_jpg.rf.722d10a32f7e51bf137c18f482a7b545.jpg,640,640,placa,208,382,411,547
PXK-0480-6-_jpg.rf.729798271e0aa2f17d93bf2dadd9071c.jpg,640,640,placa,241,371,475,468
KWV-2685_jpg.rf.734d85da93d4bb80eb2aaf036a1a24bc.jpg,640,640,placa,104,449,467,592
KRO-5833_JPG_jpg.rf.74ff82d4c8ad892685a104fd3cbce0ba.jpg,640,640,placa,167,177,448,468
KQK-3070_jpg.rf.722cd2e66db52508eb9017013b695055.jpg,640,640,placa,259,378,453,547
LLH-3367_jpg.rf.764fb74e98114d6b857bda1dc07ec01e.jpg,640,640,placa,88,348,237,463
PXJ-8256-2-_jpg.rf.7429790b45f6875b4719005ad52098da.jpg,640,640,placa,283,377,449,460
OYV-6433-3-_jpg.rf.740d9159cf9e8d9da47bbe497f304006.jpg,640,640,placa,232,389,414,449
KHF-5821-2-_jpg.rf.75a30ded533965a4cb7cb8a3963fbf9e.jpg,640,640,placa,135,416,523,558
LQL-9280_JPG_jpg.rf.767c7b743a63078df27d951737683bfb.jpg,640,640,placa,305,313,542,502
LRN-9470_jpg.rf.724760535816b2d61e8716f265947596.jpg,640,640,placa,242,160,461,309
OXI-8882-6-_jpg.rf.768a32946683bd98b84030c4c5b5ddc6.jpg,640,640,placa,249,423,458,502
KVN-3064_jpg.rf.79805b30eac26ddfeda5bbbe47f7d8b9.jpg,640,640,placa,322,501,623,594
KVN-3064_jpg.rf.79143b29ae693cf95005725c6c410007.jpg,640,640,placa,322,501,623,594
LQI-0614_jpg.rf.7838ba6e188ee6eeaed9bd8655ecdf24.jpg,640,640,placa,196,286,402,460
PUV-5373-4-_jpg.rf.782e1139de1ef082805700da45fce7ab.jpg,640,640,placa,234,296,415,387
PGB-1924-3-_jpg.rf.7a344cdf850211d4427a2543da72451a.jpg,640,640,placa,125,179,573,353
LOY-9267_JPG_jpg.rf.7aaf562169e02d9faf8fb7028a59eecc.jpg,640,640,placa,112,143,563,469
KXQ-4386_JPG_jpg.rf.7ab7d74f741a343bed922e2b1cf70b31.jpg,640,640,placa,294,197,605,500
PVK-3268-5-_jpg.rf.755f4a72b71ff1608c3b4c6dc139c2c3.jpg,640,640,placa,232,264,436,347
PXK-0480-5-_jpg.rf.7754142de5a5e3949068f1f1d5dbd30d.jpg,640,640,placa,203,345,417,449
LMA-7517_jpg.rf.7a972eb609fc61371768315eaaf28903.jpg,640,640,placa,145,385,382,553
PXK-0480-5-_jpg.rf.7b0d97e3a01282bac782d3c397e84b84.jpg,640,640,placa,203,345,417,449
KVX-3104_jpg.rf.7a70f231a16099accb388797cdbaa440.jpg,640,640,placa,291,481,452,579
PVK-3268-6-_jpg.rf.7da1759366ac5b4fa9224fdbda09f838.jpg,640,640,placa,222,285,408,360
HNK-7624_jpg.rf.787e80aba2a4fe11e34b97a28b0be4b5.jpg,640,640,placa,279,375,433,467
LSL-8040_jpg.rf.7b85a07714a930f000d28135bdce9de2.jpg,640,640,placa,151,428,325,559
PCZ-4081_jpg.rf.7c1a39e5301252cbe756efcd88ce519a.jpg,640,640,placa,269,397,437,458
KWP-9456_jpg.rf.7b6b3fdc981a7196c7f07419641c327d.jpg,640,640,placa,159,425,490,562
DHR-0445_jpg.rf.7e2c3af3fc34e6144a0084f20157802f.jpg,640,640,placa,239,450,396,538
KRG-3442_JPG_jpg.rf.7de3abe2a74e1614bfcc0f4f9af2a372.jpg,640,640,placa,375,162,510,269
LSX-4812_jpg.rf.7abfbd6f051c89c9eee8e92ee61f8037.jpg,640,640,placa,162,376,331,518
PXJ-8271-6-_jpg.rf.7dc84ed55eb75666ab2a13474f6dc3c5.jpg,640,640,placa,245,412,518,525
PDK-9448_jpg.rf.7d641c9c8f530078e412b3d26b529799.jpg,640,640,placa,207,470,428,553
PXK-0457-3-_jpg.rf.8090b9f30632ffbf9e47b5b8bcd961e4.jpg,640,640,placa,211,274,420,375
LQQ-1171_jpg.rf.7eff71dcdc17ed4cb53ddb4f82b93178.jpg,640,640,placa,253,476,421,575
KZD-5187_jpg.rf.7e0b47257927a75d235a7cad42f20771.jpg,640,640,placa,173,219,370,339
PVK-3268-6-_jpg.rf.8023e4c6ea79a279b292d96a06c62c13.jpg,640,640,placa,222,285,408,360
PFF-7622-3-_jpg.rf.8094f46dcfd0eef7e4c0ad09f8fa3f6b.jpg,640,640,placa,218,409,472,509
PUV-5373-6-_jpg.rf.80c92198e8bbcc616cf9407c6f725c47.jpg,640,640,placa,213,357,376,432
LQY-5719-2-_jpg.rf.816aa61a2bdcb3f9abfb753720372afc.jpg,640,640,placa,133,363,482,531
LRK-7301_jpg.rf.81b65ce1e291e9bac02ab00e5aa26a03.jpg,640,640,placa,114,429,268,605
CLJ-7888_JPG_jpg.rf.802e66cfc2eade3b072bd4c5c73c3834.jpg,640,640,placa,225,271,500,517
OXI-8882-8-_jpg.rf.822ba058a27729a11da15367406edd9a.jpg,640,640,placa,238,345,445,416
KPS-7301_JPG_jpg.rf.81b40179a384129a59e768c3473d30af.jpg,640,640,placa,180,193,475,482
PGR-8325_jpg.rf.821569e3d14fad7f146360af3f4ecdc2.jpg,640,640,placa,191,397,428,488
LLH-9044_jpg.rf.82350e6f0c6f6e7034f9ae71ce6ad93d.jpg,640,640,placa,228,357,457,500
PVK-3268-5-_jpg.rf.8111bac873c85c289a146069d6359bdb.jpg,640,640,placa,232,264,436,347
KQL-9716_jpg.rf.816fb5d83a8eeab38161209d6f111656.jpg,640,640,placa,211,26,387,249
KPQ-4707_jpg.rf.855a6a08838368b38ae316e5f02f7489.jpg,640,640,placa,95,42,522,435
PXK-0480-3-_jpg.rf.8500d2e0b602df2183ff24f7e2e46e91.jpg,640,640,placa,267,337,444,420
LOU-3279-2-_jpg.rf.7eea944ac060e300f479038173dd7fe2.jpg,640,640,placa,353,73,585,235
LCF-7320-2-_jpg.rf.85f2b862613b5a1ae9f3bde6c3bc4798.jpg,640,640,placa,223,482,422,590
KXI-2029_JPG_jpg.rf.83695bd334f0ccb82d5895d2d4b5247e.jpg,640,640,placa,131,157,367,458
FGK-2555_jpg.rf.832f00cfdaca9e6c9a4690c9ee73202f.jpg,640,640,placa,109,343,357,509
LRM-6867-2-_jpg.rf.83eb68cab60764e8fd076e0c558a3211.jpg,640,640,placa,175,386,374,566
KHP-3734-2-_jpg.rf.866cb7d34264a9630deb8af27c142dd9.jpg,640,640,placa,153,221,513,394
KNZ-8587_jpg.rf.7e72f89df5391cb7150f39dabba3da6b.jpg,640,640,placa,106,444,302,579
NNY-3327_jpg.rf.85a9213b7343a5824b9a7daed1275e09.jpg,640,640,placa,275,315,471,401
KYI-2677_jpg.rf.8318bec106df7f82f3f4d7db1151ea82.jpg,640,640,placa,250,215,492,398
LSI-3196_jpg.rf.85b2df86fb04f32589268fad7ca48bcc.jpg,640,640,placa,208,162,405,276
PDN-5443_jpg.rf.8621e598f0be695d97885dbc6cf7051e.jpg,640,640,placa,119,228,464,443
KOE-5451_jpg.rf.8682a95b6820d1ed107f5602ead785ce.jpg,640,640,placa,302,229,513,365
OYV-6433-2-_jpg.rf.83244af71b4186de00cfcba2be15e043.jpg,640,640,placa,283,493,488,582
LLH-3367-2-_jpg.rf.870851bcdb8eda40cf1f4f63ac32697e.jpg,640,640,placa,319,151,493,246
LLU-8502_JPG_jpg.rf.87d1f3f8feac44c45f732eddb2e3db6c.jpg,640,640,placa,113,176,336,395
KXI-2029_JPG_jpg.rf.87feba21f7e4b5a92aa237efe529dfe5.jpg,640,640,placa,131,157,367,458
PDK-9448-2-_jpg.rf.893b7e9eabc23abd90e40235efe0fb10.jpg,640,640,placa,243,410,486,518
KJD-0885_jpg.rf.88c9132312856e0fd2707341f691865f.jpg,640,640,placa,219,372,473,469
KXA-6414_jpg.rf.8a146d2eb7bc0fb3e799dea09d88e752.jpg,640,640,placa,213,338,404,496
KXK-5970-2-_jpg.rf.87a81cce472d26af08c72cc8ea2a26d5.jpg,640,640,placa,138,386,484,591
LSD-6879_jpg.rf.898886d64b0659a910c4eef32fd11c94.jpg,640,640,placa,336,195,504,318
BAG-7751-2-_jpg.rf.87e10399b8c2997439c908c00b0bb155.jpg,640,640,placa,226,392,512,499
KVX-3104_jpg.rf.8be1ea3baaee91355ca42c750ba9a071.jpg,640,640,placa,291,481,452,579
HHU-5791_jpg.rf.8caea42175d9f16280040fca03c9878c.jpg,640,640,placa,103,461,519,561
KVT-8161_jpg.rf.8bc43ef0d9671ba514e56fa255c350b8.jpg,640,640,placa,250,405,438,561
LRK-7301-3-_jpg.rf.8a61dcd2bfb556410543459a7aec89fe.jpg,640,640,placa,229,461,457,613
KNS-6108_jpg.rf.8b120cc1d5ff146e23d82c4df086e98c.jpg,640,640,placa,212,457,425,589
LSD-6879_jpg.rf.8c73c34610b596cc30bbaf13fd49536d.jpg,640,640,placa,336,195,504,318
CLJ-7888_JPG_jpg.rf.8bb1c6f0e998f56a133e4fe98d6a749d.jpg,640,640,placa,225,271,500,517
LRK-7301-2-_jpg.rf.89a5f46606de301679f56256b5bb6258.jpg,640,640,placa,73,368,293,590
LPA-7932_jpg.rf.8b90424f63224d18a862e11177f1ff29.jpg,640,640,placa,258,326,452,457
LSI-3196_jpg.rf.8b7577533a8b71bf239857e48b415051.jpg,640,640,placa,208,162,405,276
DHR-0445_jpg.rf.863310938991d02e0cdb08ef042eedfa.jpg,640,640,placa,239,450,396,538
KNG-9141_jpg.rf.8b10024cd21f2515afe937be625936cb.jpg,640,640,placa,155,93,381,318
OYS-1645_jpg.rf.0054cadbf0f54d6665600e54a2ff47cb.jpg,640,640,placa,263,451,469,518
PGR-8325_jpg.rf.02265bef1bfa4ece1bfe5379dcb8b6da.jpg,640,640,placa,191,397,428,488
PXJ-8264-3-_jpg.rf.019765a2d8f7f43412cce9a9c93dbe9d.jpg,640,640,placa,236,302,405,400
KQG-5455_jpg.rf.0105ef2307e4379e71d31bcad0f55980.jpg,640,640,placa,233,225,553,377
LSL-8040_jpg.rf.027543826f425546f7b8dac4d7ad8281.jpg,640,640,placa,151,428,325,559
KPG-7782_jpg.rf.00b4b72a494309267a5eabb90416c834.jpg,640,640,placa,143,484,371,635
OYV-6433-3-_jpg.rf.01bbc186700dba24d2fad3ca31c4d44c.jpg,640,640,placa,232,389,414,449
KXF-1868_jpg.rf.00e91f548703c27920966a3fd4fa6f27.jpg,640,640,placa,273,321,489,473
PGR-8325_jpg.rf.0030d6ccdf85fcd525f55487eb99831d.jpg,640,640,placa,191,397,428,488
KWQ-5088_jpg.rf.029d10de639eb9b3bfeb01d7acd994eb.jpg,640,640,placa,154,287,335,516
PUV-5373-3-_jpg.rf.08f29e987b90b047ca36770bd248d29a.jpg,640,640,placa,213,262,416,359
PVA-8569-2-_jpg.rf.08ab4812e5939c72e40b2acbb4e50813.jpg,640,640,placa,315,326,452,409
PGB-1322-2-_jpg.rf.021ded29a701075bc28e0207f996cd82.jpg,640,640,placa,234,387,463,462
LLL-7563_jpg.rf.058327fcfc6319a5cbd4f0935416c075.jpg,640,640,placa,60,495,354,573
LNZ-2380-3-_jpg.rf.05c21c7791110bdd56df79e1891c1200.jpg,640,640,placa,156,261,353,467
KQJ-9769_jpg.rf.08aff9e03d31676c13895f5df07bcd6e.jpg,640,640,placa,281,430,454,528
PCZ-4081_jpg.rf.04f3b4b0908c19674ec44c3caceb7338.jpg,640,640,placa,269,397,437,458
KRG-3442_JPG_jpg.rf.08fb97428f59ab3b35f3e782f8411262.jpg,640,640,placa,375,162,510,269
LSG-2983_jpg.rf.09266333ee7b227ce143cfb7708a6a1a.jpg,640,640,placa,201,230,537,519
KYQ-2563_jpg.rf.051395415fa4344b22a03b34c8c70d75.jpg,640,640,placa,314,255,625,473
KUN-7711-2-_jpg.rf.080fc9fdb29a7a41e6628219ef401ed4.jpg,640,640,placa,297,452,465,570
KQF-6400_jpg.rf.0954333ff9716e075e0204dd6db62803.jpg,640,640,placa,334,189,526,318
CVL-4610_jpg.rf.06bbef7d6b6e99ae0dc866a546e12fd2.jpg,640,640,placa,312,450,489,558
PCW-0712_jpg.rf.042f90612d8fffd941fe796ddb15d829.jpg,640,640,placa,159,217,556,383
KRG-3442_JPG_jpg.rf.071e89b073c0c716165a157b3901a596.jpg,640,640,placa,375,162,510,269
LSI-3196_jpg.rf.044afea4bd23674e0bf8823c248d6bab.jpg,640,640,placa,208,162,405,276
LRM-6867-2-_jpg.rf.03903841463a4816e26dd14a07aac9c0.jpg,640,640,placa,175,386,374,566
LRN-0207_jpg.rf.0553ca2a5d6e4bdece24d42d21766653.jpg,640,640,placa,152,415,475,559
PFG-7997_jpg.rf.091ead1d94f5a6289d57b4f70e3c5298.jpg,640,640,placa,231,320,477,411
LRS-5329-2-_jpg.rf.0980b6c4d446cff6dfe8917e1605abd3.jpg,640,640,placa,312,460,475,563
LSA-6402_jpg.rf.048dc5c6a4adbc86692af237c7ef9f33.jpg,640,640,placa,188,403,591,600
FJY-9514-3-_jpg.rf.08b64f59e58cef0310927727be17cdaa.jpg,640,640,placa,250,383,452,451
KPQ-4093_jpg.rf.043f8caf2e8ac386add90518cf41d663.jpg,640,640,placa,133,244,472,362
KUF-8007_jpg.rf.067b9b8cd41836c18f61838e7131b4df.jpg,640,640,placa,269,414,449,560
PXJ-8271-2-_jpg.rf.0376dd2a00298b5df2f939fe7cda9b6e.jpg,640,640,placa,233,270,389,352
PXJ-8271-5-_jpg.rf.0a27a0976e43627feabf53261da160f7.jpg,640,640,placa,248,382,434,493
PUV-5373-3-_jpg.rf.0a18bea4dcc655c160774a73cf61dd76.jpg,640,640,placa,213,262,416,359
KRF-8133_jpg.rf.09a55677bb32fb12b79833327013454c.jpg,640,640,placa,105,166,313,317
FLU-1772_jpg.rf.0b01b939000b94f81046d71ca1eef634.jpg,640,640,placa,176,296,469,567
LTP-3486_jpg.rf.0c2c6ea29b10df24f27b43a7fb7af2f7.jpg,640,640,placa,131,328,398,461
KYU-3725_jpg.rf.0cc8e42df0b98ae965b891125826e830.jpg,640,640,placa,239,460,465,583
OWO-7837_jpg.rf.0eff5473ca039f0e1c64276d9a25ff12.jpg,640,640,placa,274,293,411,370
LSF-9293_jpg.rf.0a4e9653e7f2596680ad38cc8427192c.jpg,640,640,placa,179,261,525,437
KZD-5187_jpg.rf.0b51afcc9d1427666401c2fd689fec15.jpg,640,640,placa,173,219,370,339
PDF-3945-3-_jpg.rf.0e8ed57ec53fe65b52bee60bab0ece49.jpg,640,640,placa,225,416,490,513
PDZ-0097-2-_jpg.rf.0bfab91652313105f760387abe715be8.jpg,640,640,placa,178,393,440,490
PDF-3945-2-_jpg.rf.0b5f2c5cfaa890ed1c5583199d409df5.jpg,640,640,placa,229,365,478,480
PXJ-8264-2-_jpg.rf.0d63595377bd89e0c5ccba5b9804b106.jpg,640,640,placa,226,359,423,432
PFU-6000-3-_jpg.rf.0dac3ca928f163d1338eb93f415346ea.jpg,640,640,placa,119,365,487,509
PFF-7622-2-_jpg.rf.0fe877a28005ad91e52e7294f0cbb2eb.jpg,640,640,placa,94,309,448,465
OXI-8882-6-_jpg.rf.0f3727f058ea79ece0017f83e0963960.jpg,640,640,placa,249,423,458,502
KVT-4240_jpg.rf.0c3696b07f57618a7aff283dd3f46d73.jpg,640,640,placa,78,383,252,555
LLA-4612-2-_JPG_jpg.rf.0d6bea1c6513e87b4ca0bb8f17dc2823.jpg,640,640,placa,328,169,502,332
LPM-5438_jpg.rf.0d9d4127a252a0749840543260d59935.jpg,640,640,placa,219,445,403,563
LOE-5929_jpg.rf.0c9add7c1f3aa7a4f97bbd8460bfa1cf.jpg,640,640,placa,295,455,482,573
KYC-1916_jpg.rf.108f6cdf8048ad3b8e8c89e5a127295d.jpg,640,640,placa,358,130,581,293
example_jpg.rf.1005cb3a8cf443aaccfe528e9de71904.jpg,640,640,placa,298,302,459,386
LQQ-1171_jpg.rf.0c24313ba51faaea1fb08e1702362053.jpg,640,640,placa,253,476,421,575
KQQ-7332_jpg.rf.0e2288599461f6ef3eef53d1cbb5eb15.jpg,640,640,placa,234,250,445,392
LPO-1876_jpg.rf.0fdd610a5656a997119dc07aa09f0cdd.jpg,640,640,placa,136,435,322,539
HNI-6952_jpg.rf.10292aeb7888824495e3ea4463a5968d.jpg,640,640,placa,445,211,562,332
LKQ-9361_jpg.rf.0eb1fccd96f3d5fc2a4f8823fd6e5b32.jpg,640,640,placa,79,385,224,524
PXK-0480-5-_jpg.rf.0aca0476e93211d32fa538f7ea5149c3.jpg,640,640,placa,203,345,417,449
LOE-5929_jpg.rf.109f65edc81184e92e82d1103f8cf958.jpg,640,640,placa,295,455,482,573
KXL-3061_jpg.rf.10e6bc132a4613a2b0363c10f538a5b6.jpg,640,640,placa,186,214,405,394
FGK-2555_jpg.rf.10ae40aaf451de365b569ffd7bac8283.jpg,640,640,placa,109,343,357,509
LUF-4444_jpg.rf.10fc7b263cd27a2e86425027e7ab26a1.jpg,640,640,placa,163,456,349,590
OYV-6433_jpg.rf.1230b7b0c169182cf5427992f0b878f3.jpg,640,640,placa,243,499,489,593
FJY-9514-3-_jpg.rf.117d6ab4704bd8ca7a6d7b03f41e571b.jpg,640,640,placa,250,383,452,451
PGB-1322_jpg.rf.11345407b34f197b4e464bc949fa12b3.jpg,640,640,placa,194,352,491,460
KYU-3725_jpg.rf.12f985e6fa5d3fa9298c277a1d62d8d9.jpg,640,640,placa,239,460,465,583
LTT-5143_jpg.rf.15cfdc3c97800d22d4e8753ff9593219.jpg,640,640,placa,149,413,389,564
PEU-0991_jpg.rf.13852de3629a10acf908da7344371092.jpg,640,640,placa,228,504,486,593
PXJ-8256_jpg.rf.1453ad818e9acc895d784a1087a6049e.jpg,640,640,placa,202,424,470,538
LQG-1985_jpg.rf.16698c77d7388bee4acefd3658d5e2da.jpg,640,640,placa,269,347,503,515
KZV-9198_JPG_jpg.rf.181bc7e3c771c89a800ab302a497f969.jpg,640,640,placa,200,279,377,390
PXJ-8271-5-_jpg.rf.145876565b87b3bb7e9f82d8e2f24560.jpg,640,640,placa,248,382,434,493
KND-5908_jpg.rf.14b49eb0432f17a013df05fbb2053c31.jpg,640,640,placa,92,396,277,550
LPZ-8210_jpg.rf.135157064a54058d4003a8e43fee0c35.jpg,640,640,placa,210,392,422,516
LQG-3110_jpg.rf.142cabf15df1d92015e13204896accfe.jpg,640,640,placa,110,261,533,502
PDZ-0097-3-_jpg.rf.192911a3f45fe657dc6a7767412e925d.jpg,640,640,placa,240,412,432,488
PVZ-5826_jpg.rf.179ea6e0179f2c37d0d18bd7dec686cb.jpg,640,640,placa,246,376,432,455
KYR-7214_jpg.rf.181936095985d991a794ee7650ae8026.jpg,640,640,placa,78,274,387,400
PVA-8569-2-_jpg.rf.1937a90d8909e586cfa682285190e6e1.jpg,640,640,placa,315,326,452,409
LNZ-2380-3-_jpg.rf.18ab4bd6aa5f16442bb93b6116d507dd.jpg,640,640,placa,156,261,353,467
PFU-6000-2-_jpg.rf.17e77daf036aa5913648e24c7cd886c3.jpg,640,640,placa,243,393,463,478
PVK-3268-3-_jpg.rf.15fc6be583c29d1e2e4757cc699849e1.jpg,640,640,placa,231,352,412,473
KXO-7789_jpg.rf.15316e380e83ee7d520fc15f5dd3d7b3.jpg,640,640,placa,20,416,282,527
LSX-4812_jpg.rf.18ee68e3de1b9b8667bcea8b80fbe1e4.jpg,640,640,placa,162,376,331,518
KXZ-7710_jpg.rf.1a0c1ca1d8341387456011832d79ad7e.jpg,640,640,placa,161,416,459,549
PUV-5373-7-_jpg.rf.14dc5fea4bcf5c594c5504c3fb6977e8.jpg,640,640,placa,223,361,383,421
PGB-1924_jpg.rf.1a172f4cbd1198fb902aaaafaf759433.jpg,640,640,placa,342,344,533,458
PXJ-8271-3-_jpg.rf.1abb1bedf6ab52147555696535a95d16.jpg,640,640,placa,222,229,408,322
KRF-6757_jpg.rf.1ae80c07d6300b994a8ae8ce9c947e1d.jpg,640,640,placa,58,280,235,454
PGB-1924_jpg.rf.1a2b40b210ff9a84912c2bd166c6dfbd.jpg,640,640,placa,342,344,533,458
LRK-7301_jpg.rf.1a872a983fc0b6bf397b62bd25a161f2.jpg,640,640,placa,114,429,268,605
KXN-4504_jpg.rf.1b753e916ea1f46d4aa71eb82bdb071a.jpg,640,640,placa,185,308,343,399
KWH-9388_jpg.rf.1b018803140fd931c40434e1797017fe.jpg,640,640,placa,195,373,370,489
KJT-2231-2-_jpg.rf.1b15803248d9fa2ebcb700dfd5344a43.jpg,640,640,placa,191,392,545,510
KHF-5821-2-_jpg.rf.1a6c3e10fba3787f558425903af61efa.jpg,640,640,placa,135,416,523,558
PFF-7622_jpg.rf.1af7e774843ee4f4757eb77df2fb0356.jpg,640,640,placa,168,405,470,523
KYA-0519_jpg.rf.1b8e76c15552b8f90edc139867385a3a.jpg,640,640,placa,175,240,391,394
KVX-3104-2-_jpg.rf.221a4afb6fac9d167088fd9e1b446f01.jpg,640,640,placa,237,266,405,428
PFG-7997_jpg.rf.1ef81d4e647a30b72e0036bb50a8bdb4.jpg,640,640,placa,231,320,477,411
LSA-6273_JPG_jpg.rf.203ba070d6c9d14c34114b34eeb8132a.jpg,640,640,placa,99,153,473,335
EUL-0433_jpg.rf.232f914cc76c1c83330ba1de3c594358.jpg,640,640,placa,207,233,433,415
LUF-4444_jpg.rf.21a4a287de2afa5ae1fb152f31989efd.jpg,640,640,placa,163,456,349,590
FRD-0583_jpg.rf.1e138c2f7cfe00a9ec99e377ed1c1aac.jpg,640,640,placa,153,207,459,401
KJT-2231_jpg.rf.219b01e495622a0cbbd8d2a3d90e6894.jpg,640,640,placa,326,354,519,443
KOE-5451_jpg.rf.1e17c34a473a159b81fe580c03f7d1b2.jpg,640,640,placa,302,229,513,365
LTP-3486_jpg.rf.216abbc21361298f666aa48849d2446c.jpg,640,640,placa,131,328,398,461
PXJ-8271-2-_jpg.rf.1d6c2d57558aed0538f690a176e6d5cd.jpg,640,640,placa,233,270,389,352
KJT-2231_jpg.rf.24d25d45f21d851c8e8fac58c1632c7b.jpg,640,640,placa,326,354,519,443
PXJ-8251-3-_jpg.rf.2114354c66bb77965716b148a73d0cf2.jpg,640,640,placa,241,334,402,415
PXJ-8271-5-_jpg.rf.226b03ccae5510a5b030c5ae57163647.jpg,640,640,placa,248,382,434,493
PVZ-5826_jpg.rf.24f943b3cbb15378fc1f8c1223e9e9ce.jpg,640,640,placa,246,376,432,455
HNK-7624_jpg.rf.1dfe63af7b2e35de8286dd58ea8b877a.jpg,640,640,placa,279,375,433,467
LSJ-7104_jpg.rf.2505abd64adc953baf3d67b4b386547c.jpg,640,640,placa,240,292,406,394
KZL-3902_jpg.rf.24d7792e11c787eade1f27ca27835c91.jpg,640,640,placa,271,118,485,262
LPU-7567-2-_jpg.rf.20c76e9836c497cd48fb8b8a04c62c0c.jpg,640,640,placa,262,215,461,352
OXI-8882-5-_jpg.rf.254e1405caa93a43b9e2d560947ae266.jpg,640,640,placa,237,371,408,463
KWU-6938_jpg.rf.235ad299744dcfbed392c0dd2eefbafd.jpg,640,640,placa,205,256,549,445
LQJ-1909_jpg.rf.2559fa1a06e89f11155aa2f01c127e77.jpg,640,640,placa,163,193,329,290
KXQ-4386_JPG_jpg.rf.26630af8fdfa7664242a3ad03a0c6041.jpg,640,640,placa,294,197,605,500
LRK-7301-2-_jpg.rf.256c8d39f98304b6b45548eb74b3452a.jpg,640,640,placa,73,368,293,590
PXJ-8264-2-_jpg.rf.1c4cc2d4d519eda987bf68a5d93244b1.jpg,640,640,placa,226,359,423,432
LQG-4815_jpg.rf.258c7ecc0956ea1a2bbd01bca50469f2.jpg,640,640,placa,192,434,352,572
LLL-7563_jpg.rf.226e9292908081eefa3c9f518f492bb1.jpg,640,640,placa,60,495,354,573
KVR-8358_jpg.rf.279c8835f0149648d19744cf73adf9d3.jpg,640,640,placa,314,377,501,531
PVZ-5826-2-_jpg.rf.267b4abf1ad0f95d09eb0f0a5601f702.jpg,640,640,placa,305,322,499,413
LLL-2211_JPG_jpg.rf.28451671fb4163229f769004bdb13284.jpg,640,640,placa,261,289,514,522
LPU-4384_jpg.rf.28777ca2555694a34a89781503f360a2.jpg,640,640,placa,295,466,460,565
LRK-4448_jpg.rf.26c491e88e7f037471f0c34c57a052b3.jpg,640,640,placa,306,443,468,559
PFG-7997-2-_jpg.rf.273e699e79622f287f884b27c72d0852.jpg,640,640,placa,276,270,515,416
LTT-5143_jpg.rf.287e031c3dae24d5894454a40cb0013e.jpg,640,640,placa,149,413,389,564
KZV-9198_JPG_jpg.rf.2823daa0db6ace61ec9eb442fc9233d1.jpg,640,640,placa,200,279,377,390
LLH-3367-2-_jpg.rf.297861d87f42141e7e3ec67e8e5603f5.jpg,640,640,placa,319,151,493,246
LSF-9293_jpg.rf.2bd1b7666e7bc228761e9d227a0e46ac.jpg,640,640,placa,179,261,525,437
KHU-8544-3-_jpg.rf.29371f88bd6b945d98ee261f70efe958.jpg,640,640,placa,150,361,588,527
KPT-1907_jpg.rf.29f883e7262f5519d869efbcfe0241f8.jpg,640,640,placa,318,163,493,266
LSJ-4965_jpg.rf.2c51e92c368b26dae1ef14388f925473.jpg,640,640,placa,216,180,430,335
LSN-2916_jpg.rf.2a9c7d19b033beb56df478e03df6ccb7.jpg,640,640,placa,196,258,365,374
LLA-4612-2-_JPG_jpg.rf.2bf7f964d37328f80eaf2573236bda1c.jpg,640,640,placa,328,169,502,332
KPB-4806-2-_jpg.rf.2ebfb2a9ba78f4337c63662dd00d6a4f.jpg,640,640,placa,235,381,417,474
KZL-3902_jpg.rf.2ca09546abcebcbf003347fde5e971a8.jpg,640,640,placa,271,118,485,262
KXD-4645_jpg.rf.2e0ffdeb179e5a1b13deb49fec04ba3e.jpg,640,640,placa,192,443,386,555
OYS-1645-2-_jpg.rf.2de07dcae47a8c0a50d32d1d5b2e42d5.jpg,640,640,placa,232,407,535,541
PUV-5373-6-_jpg.rf.2a1ee893f10b1587802b059f6a7eb799.jpg,640,640,placa,213,357,376,432
KWQ-5088_jpg.rf.2bdd1dc6a8e1e8fa97b09010e9b90316.jpg,640,640,placa,154,287,335,516
PCW-0712_jpg.rf.2e1d1e76f0f5a0a5d6d43555d2847622.jpg,640,640,placa,159,217,556,383
LSG-2983_jpg.rf.3047450bad4b97d9144773c0e6d7a8d3.jpg,640,640,placa,201,230,537,519
LQA-5250_jpg.rf.30444aa272d7d3145108221ead93d6d0.jpg,640,640,placa,172,380,583,563
LNG-1566_jpg.rf.2e0327c0d79b30be0d89f8cadf542e4e.jpg,640,640,placa,123,300,360,457
KYI-2677_jpg.rf.2fc0845485c2922c15a3f43cdbad04e0.jpg,640,640,placa,250,215,492,398
KWV-8476_jpg.rf.31520bc55575a8000bd6dfb1a451c8cc.jpg,640,640,placa,229,204,423,295
KWH-6390_jpg.rf.3186c5c75a5bb18f9eaff87a2fff6f7a.jpg,640,640,placa,183,213,462,458
LLW-5445_jpg.rf.2c5d67c2502b83dca5e7ab324d44cad6.jpg,640,640,placa,227,455,413,558
KRO-5833_JPG_jpg.rf.29f58bf6a2a0f1e2dceab1cda3a579d5.jpg,640,640,placa,167,177,448,468
LTP-3486_jpg.rf.2eff06fb42334045942dfcbd80dd8e77.jpg,640,640,placa,131,328,398,461
LUV-4111-2-_jpg.rf.328d73778e39467c4e72003ad4a31833.jpg,640,640,placa,229,306,433,459
KQE-1438_jpg.rf.32605dfe628ec4591100b13427addf78.jpg,640,640,placa,162,145,398,367
LRK-4448_jpg.rf.2e3eb5dcf290a9d3d39f1d3c01f8070d.jpg,640,640,placa,306,443,468,559
LQT-2029_jpg.rf.346a47e7982c9488a7e2ba720f6edffb.jpg,640,640,placa,315,183,497,323
KZD-2666_jpg.rf.32d399f2ce8ae5c077fe5a2e0f96050d.jpg,640,640,placa,49,106,482,429
PDZ-0097-2-_jpg.rf.2f76a59e7a58dc4efb3e4f57d364c84b.jpg,640,640,placa,178,393,440,490
KWR-2317_jpg.rf.34e38b1f2b366cedeac3b6dd58100809.jpg,640,640,placa,134,411,440,580
LNG-1566_jpg.rf.378b8799848f06e777f5e0a24638031c.jpg,640,640,placa,123,300,360,457
PCZ-4081-2-_jpg.rf.3341084a0dc1f6f13dfa865857cf4baf.jpg,640,640,placa,148,311,490,446
PFG-7997-2-_jpg.rf.39884c70b4a300253d8633a787b87fe5.jpg,640,640,placa,276,270,515,416
PGB-1924-3-_jpg.rf.3844e3b6463972a4491d40d2c495dcff.jpg,640,640,placa,125,179,573,353
BAG-7751_jpg.rf.397f81ee88f33db9902d4193c8a1f19e.jpg,640,640,placa,287,445,499,536
LUV-4111-2-_jpg.rf.392826b57df03f2329b0882ba7baef49.jpg,640,640,placa,229,306,433,459
KWR-2317_jpg.rf.3b2389b81eb574f873384615a08a55eb.jpg,640,640,placa,134,411,440,580
LNZ-2380-2-_JPG_jpg.rf.3b4cf728c904a41e0cf2107212630354.jpg,640,640,placa,151,402,305,548
KRE-8652_jpg.rf.3ba7ee6ad154d221be88d22630ebfb35.jpg,640,640,placa,252,414,458,554
HEB-2036_jpg.rf.3a72c9614073279b69600c05311abd78.jpg,640,640,placa,219,326,433,525
PXK-0457-3-_jpg.rf.38940782dd24cdbd0bd9e4eb5cc4ac2b.jpg,640,640,placa,211,274,420,375
PFF-7622_jpg.rf.3b0dee1711b0c03ac4f78092b75fdce2.jpg,640,640,placa,168,405,470,523
PGR-8325-2-_jpg.rf.3597a5be0175e4f5abb541f811fe60e6.jpg,640,640,placa,179,384,499,496
KXL-3061_jpg.rf.35b879f59e12e31f9b5d118b34fd9cba.jpg,640,640,placa,186,214,405,394
PCZ-4081-2-_jpg.rf.3ba8065769c5c53f782469b205b7e64a.jpg,640,640,placa,148,311,490,446
KYN-6985_jpg.rf.3c25df3c974dfcc4f95c685355c1138a.jpg,640,640,placa,290,348,542,539
LQA-5250_jpg.rf.3a8a9958b4c0b3bf62ac61df282a9d05.jpg,640,640,placa,172,380,583,563
BAG-7751_jpg.rf.371a856cf59e7bdedcd8789cb32cc653.jpg,640,640,placa,287,445,499,536
KPW-4317_jpg.rf.3d0a2575513c0171e80acee63d45a6f1.jpg,640,640,placa,298,467,471,568
LUU-5715_jpg.rf.3c8a738569df116ae022e4f2295fcaf5.jpg,640,640,placa,216,359,479,522
PFU-6000-2-_jpg.rf.3c840c25eba1739eca0d1b3221c52c8c.jpg,640,640,placa,243,393,463,478
KRO-5833_JPG_jpg.rf.3c3a38ab3ba41a62e263f05f33d794a3.jpg,640,640,placa,167,177,448,468
example_jpg.rf.3b9c87da1260ec5ff2abbdd0433f7907.jpg,640,640,placa,298,302,459,386
KHU-8544-2-_jpg.rf.3ad348da10ac7aa88eaca0e3f8332113.jpg,640,640,placa,302,429,480,513
LRG-3329_jpg.rf.3d1681aabdd6a5101667a837e3e6a838.jpg,640,640,placa,102,405,353,593
LQY-9083_jpg.rf.3bb8684da97b4ba21f211f1034eaebe1.jpg,640,640,placa,165,485,332,599
LBS-2737_jpg.rf.3f0ca84d47c8c84b697c2da1f5edeea9.jpg,640,640,placa,191,377,412,518
HHU-5791_jpg.rf.3d23de36bf6803bbfa97a0a653e4e5c1.jpg,640,640,placa,103,461,519,561
LOY-9267_JPG_jpg.rf.3d190c372e7b75f4e6640997337e781c.jpg,640,640,placa,112,143,563,469
KWH-9388_jpg.rf.396e5396e37a7f2dd034807e3fabf0c4.jpg,640,640,placa,195,373,370,489
LLA-4612-2-_JPG_jpg.rf.408d8b0fc2ae97b4b3c5602351fecdca.jpg,640,640,placa,328,169,502,332
FJY-9514-5-_jpg.rf.408dea75090babf990bd884f751f881f.jpg,640,640,placa,214,312,469,434
LQY-9083_jpg.rf.3f8f9d344d4b2e7f59e7848a9738c6f9.jpg,640,640,placa,165,485,332,599
KNG-9141_jpg.rf.404f52ecb5e36f01f1fe43e3cdc647cf.jpg,640,640,placa,155,93,381,318
PVA-8569_jpg.rf.40353afdbc412885b3a2e3e24ea90fa3.jpg,640,640,placa,278,434,552,555
OWO-7837-4-_jpg.rf.3e1a070d52332404b9479e2ae1af0201.jpg,640,640,placa,265,354,433,443
LRH-5360_jpg.rf.3fc29ea9f1eaf24739050e0795532d56.jpg,640,640,placa,329,208,512,367
OWN-2249_jpg.rf.4018726a48e669bfebebdde9a1161f7e.jpg,640,640,placa,266,514,519,629
KXF-1868_jpg.rf.40a82965ba1c292d25ade23b7d17da10.jpg,640,640,placa,273,321,489,473
LBX-2309_JPG_jpg.rf.4077f98339fe17d3e44f8eb9de782f97.jpg,640,640,placa,183,183,540,449
LQK-9502-2-_jpg.rf.3f1cd856216c0cb543c361406de2ebea.jpg,640,640,placa,234,273,511,409
LLH-3367_jpg.rf.3faf2bb00bcb7b1c14665b1787de98fa.jpg,640,640,placa,88,348,237,463
PXJ-8251-4-_jpg.rf.3f356835b2f6ce8c7f2f02d36c2118c4.jpg,640,640,placa,185,318,390,410
PXJ-8256_jpg.rf.3fdd63ebefd11bcad2be2e1e47e85311.jpg,640,640,placa,202,424,470,538
KHU-8544-3-_jpg.rf.92c3b91cd56d558f2b638fe5e7865f5f.jpg,640,640,placa,150,361,588,527
KYQ-2563_jpg.rf.8cee91e08262789033cc6d37129a707b.jpg,640,640,placa,314,255,625,473
KNT-6338_jpg.rf.90832a728a66e28cb46aee34bab4c07f.jpg,640,640,placa,218,450,464,576
LPB-2686_jpg.rf.8ccf0a89e068314461301ec7de11ae61.jpg,640,640,placa,283,177,471,320
LRN-9470_jpg.rf.8d6ad8cccf2ca81577dfa98c558e7191.jpg,640,640,placa,242,160,461,309
PXJ-8264-3-_jpg.rf.8ddb6002d7d3772300fde4ef1b89e932.jpg,640,640,placa,236,302,405,400
LLT-8634-2-_jpg.rf.8e397a7e321ba91eb8e1191961234b08.jpg,640,640,placa,121,327,288,458
KHF-5821-2-_jpg.rf.8d28d995581a27019e2841ac2264a96f.jpg,640,640,placa,135,416,523,558
LNZ-2380-2-_JPG_jpg.rf.91e261f5cb13a3762923e986a49a19f0.jpg,640,640,placa,151,402,305,548
OQK-5526_jpg.rf.920a88bbf0a14add2603fd06bb7a9bb4.jpg,640,640,placa,203,298,486,417
LQJ-1909_jpg.rf.8ebb05cb3d1cd7f38b6aedd55e5a8862.jpg,640,640,placa,163,193,329,290
LUV-4111-2-_jpg.rf.923491f3942b51aa9d1e01da671cec15.jpg,640,640,placa,229,306,433,459
LCL-7999_jpg.rf.8ce44a8d28909cabcc0de8839b573498.jpg,640,640,placa,178,315,349,447
PDO-5221-2-_jpg.rf.8f131054ce43244f6b7648352937c1c1.jpg,640,640,placa,150,157,487,417
FGK-2555_jpg.rf.8facb29a41e7036b3845ec4c9f45dd41.jpg,640,640,placa,109,343,357,509
KPT-1907_jpg.rf.8f7f0ddb4dc0ba720288098fcd15d3c5.jpg,640,640,placa,318,163,493,266
KQK-3070_jpg.rf.8faede09cb25e3247f78471de20343f7.jpg,640,640,placa,259,378,453,547
KVR-8358_jpg.rf.8de6f1e03d71389ff54ac102c822ce1e.jpg,640,640,placa,314,377,501,531
LCF-7320-2-_jpg.rf.8ef7348797b2f4a822a47e902b549a4d.jpg,640,640,placa,223,482,422,590
FJY-9514-5-_jpg.rf.8cd8f3dc1d851ca7fa873a1eaa56c51d.jpg,640,640,placa,214,312,469,434
KYA-0519_jpg.rf.90011104ea751db24080a1dc4b7aa65a.jpg,640,640,placa,175,240,391,394
PXK-0480-6-_jpg.rf.90c175fa4f977d0db1e58f27f92d576e.jpg,640,640,placa,241,371,475,468
PXK-0480-7-_jpg.rf.91af64ecf7378b0852f9a13190f4a970.jpg,640,640,placa,199,239,444,336
OYV-6433-3-_jpg.rf.8e188d5aa348ba5adcea9109027b7558.jpg,640,640,placa,232,389,414,449
LSN-2916_jpg.rf.9010a76bc1fa76265a3ef40ca681553e.jpg,640,640,placa,196,258,365,374
LVD-1517_JPG_jpg.rf.93b76ba1824c828f2f566995dddf56cf.jpg,640,640,placa,238,345,401,459
KXF-1868_jpg.rf.957b9433da071e1a618b704c59d6265c.jpg,640,640,placa,273,321,489,473
FJY-9514-6-_jpg.rf.93b37ad04a498244d1046246ecdac1e1.jpg,640,640,placa,229,302,437,400
DSQ-6618-3-_jpg.rf.948f0cfb4a453375f4b28cef40ab018f.jpg,640,640,placa,347,464,556,561
KHP-3734_jpg.rf.93651dd9ba932ee56f8f0ba1800e2f86.jpg,640,640,placa,202,301,423,376
HGP-8212_jpg.rf.989f2e633ce5f893232779e096397ce1.jpg,640,640,placa,144,121,502,482
KRF-8133_jpg.rf.942a199ed5236229d0ff9e19a4595049.jpg,640,640,placa,105,166,313,317
LQM-6429_jpg.rf.95175fcdf5a46b20ef8f5bb51ba7ad1c.jpg,640,640,placa,145,457,404,618
KYI-2677_jpg.rf.946fd269fe1321a01ca71037380ccfbf.jpg,640,640,placa,250,215,492,398
KZL-3902_jpg.rf.94c1ee9c18ba7e70b6562175d19767a0.jpg,640,640,placa,271,118,485,262
PDF-3945-2-_jpg.rf.96ca7f2fed39bd6bc29458e482c3346d.jpg,640,640,placa,229,365,478,480
PXJ-8264_jpg.rf.97462f331a05fcebd3715704f9ec0b04.jpg,640,640,placa,233,352,409,414
KXZ-7710_jpg.rf.985e2a8ac44b8f967671679db0307cdf.jpg,640,640,placa,161,416,459,549
HGR-1547_jpg.rf.99259ccf742b37d79b0ad03ac5215fdc.jpg,640,640,placa,25,384,450,555
OWO-7837_jpg.rf.951c3b1a06cf425c236b4eb36efa72e2.jpg,640,640,placa,274,293,411,370
CHS-9564_jpg.rf.97678eb4d418dbe5b81f14f8830275ab.jpg,640,640,placa,278,249,472,402
KYC-1916_jpg.rf.9317a797e2e7012e7dcda5c44452beb6.jpg,640,640,placa,358,130,581,293
PUV-5373-2-_jpg.rf.94ade69c89c8210c26e824dfa0a3e6e0.jpg,640,640,placa,215,253,443,350
HGP-8212_jpg.rf.95d5c5c642393956e2f1ffc6844e3331.jpg,640,640,placa,144,121,502,482
BAG-7751_jpg.rf.999c92a9db1c657c927d3b6ee49959c5.jpg,640,640,placa,287,445,499,536
EZG-3164_jpg.rf.95abea73157ec077a04b2286748139c9.jpg,640,640,placa,350,409,562,509
PXK-0480-7-_jpg.rf.99a5a1dfb1cdc85d62890a9f0ff9108a.jpg,640,640,placa,199,239,444,336
PXK-0480_jpg.rf.97550ff213f13ffa5bbdb4b46d35bc52.jpg,640,640,placa,203,398,443,492
LSJ-4965_jpg.rf.9314a92b22a7884e6850e67df0fb12b1.jpg,640,640,placa,216,180,430,335
LSL-8040_jpg.rf.99aadbe5a46b8566a4d6304d02469286.jpg,640,640,placa,151,428,325,559
PDF-3945-2-_jpg.rf.952d1e52fda8f3f055861820f1cc0c4e.jpg,640,640,placa,229,365,478,480
PXK-0480-4-_jpg.rf.982e2d8a82b75fcb58665fef1e68f948.jpg,640,640,placa,213,330,449,422
KWT-7517_jpg.rf.98bf2d0a71d62fa4edd64bdf9fd0eaeb.jpg,640,640,placa,156,381,393,528
KPB-4806-2-_jpg.rf.99c4c60dcd9ca004c0ab248522f5cded.jpg,640,640,placa,235,381,417,474
LLL-2211_JPG_jpg.rf.9a752a6e1fb9ab4835cc66fef75a8ac4.jpg,640,640,placa,261,289,514,522
PXJ-8526_jpg.rf.9a21495b1f5a8d89636c197e2150d726.jpg,640,640,placa,208,373,405,444
EZG-3164-2-_jpg.rf.9a2bd95a8231128e36191b4ce47959e6.jpg,640,640,placa,133,272,545,449
PDF-3945_jpg.rf.9de7e0d5880fa6048e7c22488f851efb.jpg,640,640,placa,252,408,445,484
PEU-0991-3-_jpg.rf.9d62325ab7acb01eba43e36a8cd7d571.jpg,640,640,placa,217,347,466,451
LCL-7999_jpg.rf.9cccec647f5e46809209a2f9fc1005b7.jpg,640,640,placa,178,315,349,447
KRH-9032_jpg.rf.9b659d99d21c15adfd055597e7a2b7f8.jpg,640,640,placa,145,224,320,387
LBS-2737_jpg.rf.9d3c2730f44adc1ab2c9b9d5f57b0e91.jpg,640,640,placa,191,377,412,518
LSA-6402_jpg.rf.9a8429153de2eb2eb99735ee38fac4c7.jpg,640,640,placa,188,403,591,600
LQI-4690_jpg.rf.9bcf4f347f1306b9b99a37ed2d575368.jpg,640,640,placa,208,382,411,547
LUW-1028_jpg.rf.9da0362ea24a40281c445d39c69f1ecb.jpg,640,640,placa,257,98,526,352
PXK-0457-5-_jpg.rf.9e6d4d3b20730e83449bacc6b621c727.jpg,640,640,placa,209,384,428,481
OYS-1645_jpg.rf.9d9ac275476148c37e3ef4a821e01802.jpg,640,640,placa,263,451,469,518
KXI-2029_JPG_jpg.rf.9faa874865a89118381784d414faad5c.jpg,640,640,placa,131,157,367,458
LOU-3279-2-_jpg.rf.9f5a9d6e3602807489445e6bdf6d6596.jpg,640,640,placa,353,73,585,235
KHP-3734-2-_jpg.rf.9d82b7bc08055151371238198fd2672b.jpg,640,640,placa,153,221,513,394
HHU-5791_jpg.rf.9bb3ff15ea6ca1c16764316047c857cc.jpg,640,640,placa,103,461,519,561
KYL-9863_jpg.rf.9ed618c81b3c85ffa9448244fa3d3119.jpg,640,640,placa,238,258,436,411
KHF-5821_jpg.rf.9a813381e57b47ac083c67a2a34ecd39.jpg,640,640,placa,143,355,400,463
KHP-3734_jpg.rf.9c3dfe15fed01a24b698a137c38d12dd.jpg,640,640,placa,202,301,423,376
KXQ-4386_JPG_jpg.rf.9fe3a60a283f2a412dcddb9016851c17.jpg,640,640,placa,294,197,605,500
PXJ-8264_jpg.rf.9f8253bcdc38d2b882868d3f208ab7fd.jpg,640,640,placa,233,352,409,414
FJY-9514-2-_jpg.rf.9e0a2017c82cefd6dae28511f86fcb3d.jpg,640,640,placa,240,336,429,432
OXI-8882-3-_jpg.rf.a0534868c42ca4af7a7b6c44428b7d63.jpg,640,640,placa,216,296,389,376
LRE-5870-2-_jpg.rf.a068c30b09dc11de48854b6dd1e887b5.jpg,640,640,placa,79,396,483,529
KWH-9388_jpg.rf.9ed42fcca149c0c001a4c578af97c9f8.jpg,640,640,placa,195,373,370,489
LRN-0207_jpg.rf.a23217a3e79f3b91cda1512a17ad709d.jpg,640,640,placa,152,415,475,559
LMA-7517_jpg.rf.a13c521055d9923db7258c3391a0012f.jpg,640,640,placa,145,385,382,553
PDK-9448-3-_jpg.rf.a25030bf60542956069e90b34ea2d2eb.jpg,640,640,placa,333,417,562,517
EBV-6248_jpg.rf.a070c0efdf038e131d4f84205b10edc1.jpg,640,640,placa,192,475,449,591
HNK-7624_jpg.rf.a249468527bb0e7b41c03982ccb8a048.jpg,640,640,placa,279,375,433,467
LRG-3329_jpg.rf.a105e4139a97cc3128096daeb16bff2e.jpg,640,640,placa,102,405,353,593
LUW-1028_jpg.rf.a236a4aa399f14233301a92c88a55f1a.jpg,640,640,placa,257,98,526,352
LQI-4690_jpg.rf.a26faeadd50c322a9b4f865ee123b289.jpg,640,640,placa,208,382,411,547
PFF-7622_jpg.rf.a57eea304d96a65702172ce3ca7b44e0.jpg,640,640,placa,168,405,470,523
LKQ-9361_jpg.rf.a2e334a5f067ca70e666871ab4fe064b.jpg,640,640,placa,79,385,224,524
EUC-8989_jpg.rf.a0c59609f5c292aaab23384ec17d35b4.jpg,640,640,placa,117,357,305,495
KXK-5970_jpg.rf.a2c1866a47da77bf33b61e59ab40265a.jpg,640,640,placa,162,341,389,532
PXY-0360-2-_jpg.rf.a31408cb96e2d49914f7001cb510ebe1.jpg,640,640,placa,236,290,382,355
KQJ-9769_jpg.rf.a3d2dac6169d7fcc05c4a8f72a3beedf.jpg,640,640,placa,281,430,454,528
KNT-6338_jpg.rf.a480ec950cbd32d5c889b536b7e33a6c.jpg,640,640,placa,218,450,464,576
DSQ-6618-2-_jpg.rf.a375e362e334c3ea98636b7fed14d931.jpg,640,640,placa,214,428,489,541
DSQ-6618-2-_jpg.rf.a617fe06b8b47da066ba0e64b4c725a8.jpg,640,640,placa,214,428,489,541
LRN-4497_jpg.rf.a5640c1be3455e91df24cd9a83afced4.jpg,640,640,placa,170,335,442,484
KXD-1174-3-_jpg.rf.a5dfe94f0642dfb7497b239d7ecf2570.jpg,640,640,placa,352,205,530,379
LKY-8848_jpg.rf.a81037631791f8cba71f695c9cd893eb.jpg,640,640,placa,163,234,500,435
PXY-0360-2-_jpg.rf.a65fa52f189c561940826e40610ce685.jpg,640,640,placa,236,290,382,355
KQF-6400_jpg.rf.a8a22fc5ee2efdbd8a43a5dac49d6f41.jpg,640,640,placa,334,189,526,318
KXK-5970_jpg.rf.a69380da8ad9ed632535b75d73560e13.jpg,640,640,placa,162,341,389,532
OYV-6433-2-_jpg.rf.a8d6a25cad87b3b01410d51331983043.jpg,640,640,placa,283,493,488,582
PXJ-8271-2-_jpg.rf.a5ada76a15e7b317dec59a42e484d231.jpg,640,640,placa,233,270,389,352
LPO-1876_jpg.rf.a97addb0cef5d2df719a7d77d8dee195.jpg,640,640,placa,136,435,322,539
KGJ-9765_jpg.rf.a59ff9f04a2a44b1b1179ca4314fde81.jpg,640,640,placa,259,454,447,558
KRF-8133_jpg.rf.a746d086114bac76337b814d9b7f5293.jpg,640,640,placa,105,166,313,317
LSJ-4965_jpg.rf.aa5fbebf0c7e9dfc93b810aa656f7149.jpg,640,640,placa,216,180,430,335
PDK-9448_jpg.rf.a76354e2ad84b306d8f67db314cf2351.jpg,640,640,placa,207,470,428,553
LSA-6415_jpg.rf.a8e04b2449239b956936c92752febd96.jpg,640,640,placa,335,444,480,536
PUV-5365_jpg.rf.a8f8282a679cfd4a725690a70b3b51b4.jpg,640,640,placa,227,292,459,396
KXK-5970_jpg.rf.aa842400f74fd4f28444f9199a4ba284.jpg,640,640,placa,162,341,389,532
LPO-1876_jpg.rf.aad4a7c8a966884fd820c8608982eee2.jpg,640,640,placa,136,435,322,539
FLU-1772_jpg.rf.aafd662a3a4931a98c993131d9dfd12a.jpg,640,640,placa,176,296,469,567
KHF-5821_jpg.rf.aaccf0368119bd17667d4a59ad8ab3ac.jpg,640,640,placa,143,355,400,463
OXI-8882-3-_jpg.rf.ac344661bb4c7f45de2a049e8e38e007.jpg,640,640,placa,216,296,389,376
KXD-4645_jpg.rf.ab0c717efed88a2537b211a8820f7a54.jpg,640,640,placa,192,443,386,555
HEB-2036_jpg.rf.ad5eb03479df3a0d1f6a75fe57964c18.jpg,640,640,placa,219,326,433,525
LRM-6867_jpg.rf.ad8b2aa2515f2dc2d62d85bdbaa8f222.jpg,640,640,placa,211,514,363,634
KXZ-7710_jpg.rf.af9d3d2594783f0ffb3914b4a7a1839e.jpg,640,640,placa,161,416,459,549
KXD-1174-2-_jpg.rf.b0f24ca3ff8ea78e99acb561df439896.jpg,640,640,placa,177,479,352,593
PXJ-8271-3-_jpg.rf.afce4492fcfb63ed8472f378d4b46baa.jpg,640,640,placa,222,229,408,322
KRE-8652_jpg.rf.aea1d6050d3feea11f7f4a3abdf55243.jpg,640,640,placa,252,414,458,554
DHR-0445_jpg.rf.ad32838d2555bfe149603e006a35888b.jpg,640,640,placa,239,450,396,538
LRN-0207-2-_jpg.rf.b10830db76eb08685daa258e0d70ef32.jpg,640,640,placa,192,472,465,583
LOY-9267_JPG_jpg.rf.b32c0b633749b2bb73e6e0cb17a3c232.jpg,640,640,placa,112,143,563,469
EBV-6248_jpg.rf.ad512b895c8584a4a1d54d608b763e7e.jpg,640,640,placa,192,475,449,591
LPM-5438_jpg.rf.ad99fd6da7c2520678d0ff34fc040e40.jpg,640,640,placa,219,445,403,563
KXO-7789_jpg.rf.b1269eb158dd4d85de11e91316e71741.jpg,640,640,placa,20,416,282,527
LDL-5386_jpg.rf.b48feed55b4fb7174ad0bfac824309de.jpg,640,640,placa,153,352,338,508
KVI-4009_jpg.rf.b01c085acf14545f11e1414143672841.jpg,640,640,placa,120,490,343,618
KXD-3983_jpg.rf.b0fb2b95bb052f723de4c0b66f17bfd2.jpg,640,640,placa,121,408,302,531
LUU-5715_jpg.rf.afb823c3b20bafef77636a74fac225c0.jpg,640,640,placa,216,359,479,522
LQG-1985_jpg.rf.b079f58f5770a05087be09f176e9f8f2.jpg,640,640,placa,269,347,503,515
CYU-8900_jpg.rf.b46f8d7a58fb75602e35884d2a8fc3f8.jpg,640,640,placa,270,435,445,563
LLH-5852_jpg.rf.b4cd8b1c0158f8f6eb0021937393f879.jpg,640,640,placa,217,208,395,349
PCZ-4081-3-_jpg.rf.b0fe7214d7599d47478774363f1ac1f2.jpg,640,640,placa,145,379,414,470
LRS-5329_jpg.rf.ae1d96e6aa5c0253409251bafbcd7c70.jpg,640,640,placa,192,395,348,536
LNZ-2380-3-_jpg.rf.b2a5bc9c2e94d4c3d1721a37719ff7cf.jpg,640,640,placa,156,261,353,467
LQQ-5578_jpg.rf.b2ac6cda8b0ee8765f6fd821f5d422f2.jpg,640,640,placa,192,400,417,574
OYS-1645-3-_jpg.rf.add3ab4c20369e0ae2fdb41074ceb570.jpg,640,640,placa,160,375,472,494
PVK-3268-3-_jpg.rf.b5c8fbb1bdca41e2d68a7fe74f6963ff.jpg,640,640,placa,231,352,412,473
KWV-8476_jpg.rf.b716b68ca96815d111b07cb7f1467d9f.jpg,640,640,placa,229,204,423,295
KVR-8358_jpg.rf.b51d8d01b76be27759a70e859e1e0c6c.jpg,640,640,placa,314,377,501,531
KJD-0885_jpg.rf.b6bb5678b9b6d540f799bc8c1e713c8d.jpg,640,640,placa,219,372,473,469
PXJ-8251-4-_jpg.rf.b72f81a1dc6331c219de869b23e41aba.jpg,640,640,placa,185,318,390,410
PDN-5443_jpg.rf.b56c27fc7f1b1aaeb934e4c349b95aff.jpg,640,640,placa,119,228,464,443
FRD-0583_jpg.rf.bb7be389492eb74f71632b235d2ad3a9.jpg,640,640,placa,153,207,459,401
OXI-8882-2-_jpg.rf.ba848021c9f50290408bd9cb44ca230a.jpg,640,640,placa,233,315,455,390
OWO-7837-2-_jpg.rf.b85a91fedb7fcc75e620bd1f7faa56c1.jpg,640,640,placa,273,386,458,465
PDK-9448-2-_jpg.rf.b9ebc12175608ff3e2881680b8ea6ddd.jpg,640,640,placa,243,410,486,518
LRS-5329-2-_jpg.rf.ba0b7bd47700d50e3803a3df16071017.jpg,640,640,placa,312,460,475,563
OYS-1645-2-_jpg.rf.b97e6cec2dba85061e0b7165c6b8c24d.jpg,640,640,placa,232,407,535,541
LQQ-1171_jpg.rf.bb7c5b759b224d7071634fb73dcc033f.jpg,640,640,placa,253,476,421,575
KWT-7517_jpg.rf.b8bc4614126ebcf7897cd6c367d0a70d.jpg,640,640,placa,156,381,393,528
PVA-8569_jpg.rf.bc51d2c5fccd75c0bcf5eeadd3c77376.jpg,640,640,placa,278,434,552,555
PCZ-4081_jpg.rf.b7d9f28ce89f396d654ecb8d25e82664.jpg,640,640,placa,269,397,437,458
LRM-6867-2-_jpg.rf.ba95af2bfd61efc9666333eb72cb3f33.jpg,640,640,placa,175,386,374,566
CHS-9564_jpg.rf.bd3afaa93c1253cfc0f3c4ad54ac48e5.jpg,640,640,placa,278,249,472,402
PXJ-8251-4-_jpg.rf.bce78507bd6e07e7df2e5b3f9650f423.jpg,640,640,placa,185,318,390,410
PVK-3268-6-_jpg.rf.bb377531d2f191d0e1618321ce0c9f70.jpg,640,640,placa,222,285,408,360
LNZ-2380-2-_JPG_jpg.rf.ba7020b66dd6dc56a659c6063e378d00.jpg,640,640,placa,151,402,305,548
LBX-2309_JPG_jpg.rf.bdb604b84d0265dd1e2a358e05db62dd.jpg,640,640,placa,183,183,540,449
PUV-5373-2-_jpg.rf.bcac08d35d52e03525de607f523d1424.jpg,640,640,placa,215,253,443,350
HEB-2036_jpg.rf.b83e366a5abba65444a7cb5866b1e79f.jpg,640,640,placa,219,326,433,525
OXI-8882-2-_jpg.rf.bc424e9bf62d446ddfa11fd6d49cddb4.jpg,640,640,placa,233,315,455,390
KUL-5022_jpg.rf.bde48b3ecac7aee69f8bfde566824dba.jpg,640,640,placa,273,443,487,589
PFG-7997_jpg.rf.bd450fc7a9ade44b01ce63b733922bd4.jpg,640,640,placa,231,320,477,411
JID-9361_jpg.rf.b8b2f560217a9d3fb8b88713d3a3406d.jpg,640,640,placa,92,487,220,561
KXD-1174-3-_jpg.rf.bd9852e47390e1f46aef210ce31de587.jpg,640,640,placa,352,205,530,379
LQT-2029_jpg.rf.b366f0767dda1a4dc9770287a0ec2982.jpg,640,640,placa,315,183,497,323
LVD-1517_JPG_jpg.rf.bdf68eaef3821cfcf2f9f29a83ce25c0.jpg,640,640,placa,238,345,401,459
LQO-8178_JPG_jpg.rf.bdf85d9ea20cf6a437f7577414d4bc67.jpg,640,640,placa,240,248,597,437
EUC-8989_jpg.rf.becbeb2f41d57fb8946484bb3d270043.jpg,640,640,placa,117,357,305,495
NNY-3327_jpg.rf.bf27e8c766c13a4b4ede79f730cbf7d5.jpg,640,640,placa,275,315,471,401
KZF-2386_jpg.rf.beb64934b8333beda44fed342f851bf8.jpg,640,640,placa,298,224,522,365
LPZ-8210_jpg.rf.be2fd71c06bd77c109d86403c810858d.jpg,640,640,placa,210,392,422,516
KWH-6390_jpg.rf.c199db13019d10d015fadd8c00f71d04.jpg,640,640,placa,183,213,462,458
KQJ-9769_jpg.rf.bf28055805ce2b943c57dadb9e1916dc.jpg,640,640,placa,281,430,454,528
LBS-2737_jpg.rf.bf43671aa4ce4cc254ea4ba007995086.jpg,640,640,placa,191,377,412,518
KPW-4317_jpg.rf.bfff906608d2a1053b6b3937aba14b33.jpg,640,640,placa,298,467,471,568
LRG-3329_jpg.rf.c052bc72333d39d89671bdd1c761895d.jpg,640,640,placa,102,405,353,593
KWU-6938_jpg.rf.bf20a86f23f96a8d41512cc46c08901f.jpg,640,640,placa,205,256,549,445
KRF-6757_jpg.rf.c4f752e4694c420ebff46ae9b7a9371d.jpg,640,640,placa,58,280,235,454
OXI-8882-8-_jpg.rf.bef50069c9dd1c6341b933c1cf51aee7.jpg,640,640,placa,238,345,445,416
LLL-7563_jpg.rf.c10d3c1d237dda6480f2bcde9bf62d93.jpg,640,640,placa,60,495,354,573
LQM-6429_jpg.rf.c501ff684526390dc1125c77fc52ccb5.jpg,640,640,placa,145,457,404,618
KNG-9141_jpg.rf.c51de041c7321d5313d00751c40d940e.jpg,640,640,placa,155,93,381,318
PUV-5365_jpg.rf.c181a1e170c38510a055807b848ac379.jpg,640,640,placa,227,292,459,396
KNZ-8587_jpg.rf.c127e61abcc3f2de285cf24944fc68b1.jpg,640,640,placa,106,444,302,579
PXK-0480-6-_jpg.rf.c021b414d1d9b8d96dd2824a00963cb3.jpg,640,640,placa,241,371,475,468
KPW-4317_jpg.rf.be087c13febe44e8e473e035c5b2a062.jpg,640,640,placa,298,467,471,568
LSF-9293_jpg.rf.c1749466d43665515119018035b0fbe2.jpg,640,640,placa,179,261,525,437
KUL-5022_jpg.rf.c5c2fa1f7f691cbb74612eee1c759ae5.jpg,640,640,placa,273,443,487,589
PXJ-8256_jpg.rf.c4db54e57ce305b1016764f746e0c3a9.jpg,640,640,placa,202,424,470,538
LQA-5250_jpg.rf.c3654e6a1b1c2af016ec00e07bc94d8f.jpg,640,640,placa,172,380,583,563
PUV-5373-2-_jpg.rf.bf3b5bf897e92595b249a5442bda2ead.jpg,640,640,placa,215,253,443,350
FLU-1772_jpg.rf.c6776ede1183dd4e613c6d4a0a9b2b3f.jpg,640,640,placa,176,296,469,567
OYS-1645-2-_jpg.rf.c799287d353a59518a7910d1300cd042.jpg,640,640,placa,232,407,535,541
OYV-6433-2-_jpg.rf.c734a8b688892ec31411dee32f1ae62c.jpg,640,640,placa,283,493,488,582
PEU-0991_jpg.rf.c7f35d767cc741c6189b9a7618149596.jpg,640,640,placa,228,504,486,593
LRN-0207_jpg.rf.c8a477670eb8d9ecd21f2f691fe160dc.jpg,640,640,placa,152,415,475,559
LQG-3110_jpg.rf.c9691eb44bab6b2e7df839748d1d68e1.jpg,640,640,placa,110,261,533,502
FJY-9514-5-_jpg.rf.c9ada6062311db2f6760c803f2bb15c0.jpg,640,640,placa,214,312,469,434
LLW-5445_jpg.rf.c96c7f7565d5e5e48267da4613d11db1.jpg,640,640,placa,227,455,413,558
EWX-9733_JPG_jpg.rf.cb4b2bb9830eaf11356ddedb89ae6e62.jpg,640,640,placa,225,176,433,427
KZF-2386_jpg.rf.ca971dc7bf545e7006c39f612ec20c8e.jpg,640,640,placa,298,224,522,365
PFF-7622-2-_jpg.rf.ca680bd0dc048e77ee4a6f564dd86a5f.jpg,640,640,placa,94,309,448,465
LRN-4497_jpg.rf.cd2da0a661adce85495b5553a58308c0.jpg,640,640,placa,170,335,442,484
LOU-3279-2-_jpg.rf.cca301c4c6b925ecd8508f1ee085de98.jpg,640,640,placa,353,73,585,235
PDK-9448-2-_jpg.rf.cca12890c5194f0ebcd35ef53b9960ed.jpg,640,640,placa,243,410,486,518
PVA-8569-2-_jpg.rf.ceac6d752b491c2c1e3c1d2c25fe7001.jpg,640,640,placa,315,326,452,409
LLU-8502_JPG_jpg.rf.ccf4d61dbcf68c6ae47e425e84428bb9.jpg,640,640,placa,113,176,336,395
KYL-9863_jpg.rf.ce3ea2dd6669265c021b2f0f2420c043.jpg,640,640,placa,238,258,436,411
PVZ-5826-2-_jpg.rf.cd46add64e7fa5131c0350818222f0ed.jpg,640,640,placa,305,322,499,413
OQK-5526_jpg.rf.cc482b9843f2cf91f70779f3ad0b3db7.jpg,640,640,placa,203,298,486,417
FJY-9514-6-_jpg.rf.cf02335a3824ada0ac1adc12424edbdc.jpg,640,640,placa,229,302,437,400
OYV-6433_jpg.rf.ca93f5340de4c5f29f349a7cca5245e0.jpg,640,640,placa,243,499,489,593
LQO-8178_JPG_jpg.rf.cde7bc630782e7f6655149117be07f1b.jpg,640,640,placa,240,248,597,437
KZF-2386_jpg.rf.cf43aac580d938a5a66769f1f112783c.jpg,640,640,placa,298,224,522,365
PVA-8569_jpg.rf.caa2c4f7d2713bc387a74ebf0a49fee4.jpg,640,640,placa,278,434,552,555
LQT-2029_jpg.rf.d0631400f81e1dd02a9a70b655180100.jpg,640,640,placa,315,183,497,323
PGB-1322_jpg.rf.d014319179dd9819ff90aae0aaa0d3ac.jpg,640,640,placa,194,352,491,460
LQG-4815_jpg.rf.cd90158da2ec479582c614c7da7c9ae0.jpg,640,640,placa,192,434,352,572
KXO-7789_jpg.rf.d030f098d5ea79143b7d9568dee4ddf5.jpg,640,640,placa,20,416,282,527
LQJ-1909_jpg.rf.cff07be2b80714755618c733d806175a.jpg,640,640,placa,163,193,329,290
PCZ-4081-3-_jpg.rf.ce7dc3ed4422ac96c3cdfa9090579220.jpg,640,640,placa,145,379,414,470
CYU-8900_jpg.rf.d04c84931c8f87b3e17e871ce0331fb0.jpg,640,640,placa,270,435,445,563
EZG-3164_jpg.rf.ce1846e04b4051610588618efcee5fdf.jpg,640,640,placa,350,409,562,509
KPS-7301_JPG_jpg.rf.d0bf7a65ef487c98f485ce337684e1f7.jpg,640,640,placa,180,193,475,482
LSJ-7104_jpg.rf.cdb31cfbfea9c2747563e94b7ca335ab.jpg,640,640,placa,240,292,406,394
LOY-9267-2-_jpg.rf.d0c638fa1886b99a1eb4df7957ff238a.jpg,640,640,placa,176,453,449,592
PXJ-8271-6-_jpg.rf.d1fa672d3e2f417719ee474fce047b05.jpg,640,640,placa,245,412,518,525
KXN-4504_jpg.rf.d1878d1e60819ccb584d6b6b40b29583.jpg,640,640,placa,185,308,343,399
PXJ-8526_jpg.rf.d28a0586bff350f48d11e0c0c1f8a675.jpg,640,640,placa,208,373,405,444
JID-9361_jpg.rf.d35a41af5aa60bb72095030268e9bc82.jpg,640,640,placa,92,487,220,561
LPB-2686_jpg.rf.d49ff7e8f8a788fe6d473ef5f6582b7a.jpg,640,640,placa,283,177,471,320
FRD-0583_jpg.rf.d17c9849ed957d1085864d7cb3b1fc74.jpg,640,640,placa,153,207,459,401
LCF-7320-2-_jpg.rf.d404115dda60c09d2938f19acbff5365.jpg,640,640,placa,223,482,422,590
PGB-1322-2-_jpg.rf.d47fea4f52c603f5862acce9d8fc9907.jpg,640,640,placa,234,387,463,462
KXA-6414_jpg.rf.d3a43862a1d11526181654c8d93f055d.jpg,640,640,placa,213,338,404,496
KVX-3104-2-_jpg.rf.d4930b9a78757e12f8e2a761d90d03b3.jpg,640,640,placa,237,266,405,428
LUW-1028_jpg.rf.d3547625f1fa05ab090948f5b99b51c7.jpg,640,640,placa,257,98,526,352
KVI-4009_jpg.rf.d3d1e9f2fec058ee30dc7d2cb532ac06.jpg,640,640,placa,120,490,343,618
KPQ-4707_jpg.rf.d4305de68ba42f15f89dadc5dc251db4.jpg,640,640,placa,95,42,522,435
LSN-2916_jpg.rf.d2cc5c3cf3714e637e76bee7cbb5f235.jpg,640,640,placa,196,258,365,374
PDF-3945-3-_jpg.rf.d38cddfbd5dc6cf6e9b26b0e31658546.jpg,640,640,placa,225,416,490,513
DSQ-6618-2-_jpg.rf.d5ef846a55d682038b9cea0bf64e93a1.jpg,640,640,placa,214,428,489,541
FJY-9514-6-_jpg.rf.d599c20661069f4ed18f8b64015ab07f.jpg,640,640,placa,229,302,437,400